date,type,alpha,beta,rho,nu
2015-02-09,Call,0.473679,0.5,5.8e-05,0.001962
2015-02-09,Put,0.574617,0.5,9.1e-05,0.001891
2015-02-10,Call,0.431933,0.5,-1.2e-05,0.002744
2015-02-10,Put,0.533205,0.5,9.3e-05,0.002488
2015-02-11,Call,0.40283,0.5,7.2e-05,0.002908
2015-02-11,Put,0.454517,0.5,-0.000123,0.002893
2015-02-12,Call,0.386501,0.5,-5e-06,0.001643
2015-02-12,Put,0.41561,0.5,-3.1e-05,0.003324
2015-02-13,Call,0.340154,0.5,-5e-06,0.001581
2015-02-13,Put,0.372885,0.5,-6e-06,0.001642
2015-02-16,Call,0.359888,0.5,-1e-05,0.001646
2015-02-16,Put,0.359189,0.5,-8e-06,0.001632
2015-02-17,Call,0.355611,0.5,-1.1e-05,0.001736
2015-02-17,Put,0.377181,0.5,-1e-05,0.001773
2015-02-25,Call,0.373116,0.5,-6e-06,0.001575
2015-02-25,Put,0.397678,0.5,-4.6e-05,0.001645
2015-02-26,Call,0.332726,0.5,-9e-06,0.001778
2015-02-26,Put,0.421034,0.5,-0.000367,0.005329
2015-02-27,Call,0.407303,0.5,-1.6e-05,0.002066
2015-02-27,Put,0.418107,0.5,-1e-05,0.002082
2015-03-02,Call,0.42245,0.5,-1e-05,0.002137
2015-03-02,Put,0.436503,0.5,1.8e-05,0.004798
2015-03-03,Call,0.433455,0.5,-0.000813,0.003919
2015-03-03,Put,0.419098,0.5,1e-06,0.001812
2015-03-04,Call,0.409247,0.5,-2e-06,0.00178
2015-03-04,Put,0.409098,0.5,1e-06,0.001773
2015-03-05,Call,0.384148,0.5,3e-06,0.001786
2015-03-05,Put,0.407168,0.5,9e-06,0.00186
2015-03-06,Call,0.386963,0.5,4e-06,0.001769
2015-03-06,Put,0.383878,0.5,2e-06,0.001763
2015-03-09,Call,0.348426,0.5,1.7e-05,0.001558
2015-03-09,Put,0.419919,0.5,2.6e-05,0.001827
2015-03-10,Call,0.383196,0.5,-2e-06,0.001722
2015-03-10,Put,0.38784,0.5,2e-06,0.001733
2015-03-11,Call,0.337494,0.5,0.000101,0.001644
2015-03-11,Put,0.403453,0.5,6e-06,0.001771
2015-03-12,Call,0.299746,0.5,3.4e-05,0.001745
2015-03-12,Put,0.394316,0.5,-1.4e-05,0.002105
2015-03-13,Call,0.250464,0.5,4.7e-05,0.001385
2015-03-13,Put,0.39304,0.5,-0.000164,0.002163
2015-03-16,Call,0.206121,0.5,0.000113,0.001757
2015-03-16,Put,0.426459,0.5,-0.000605,0.008558
2015-03-17,Call,0.157701,0.5,0.000174,0.00113
2015-03-17,Put,0.431389,0.5,-3.7e-05,0.003522
2015-03-18,Call,0.143748,0.5,0.000225,0.001115
2015-03-18,Put,0.396384,0.5,-0.149969,2.336833
2015-03-19,Call,0.34587,0.5,0.000241,0.00616
2015-03-19,Put,0.433099,0.5,-0.571817,0.340347
2015-03-20,Call,0.372848,0.5,0.001115,0.006984
2015-03-20,Put,0.433551,0.5,-0.433253,0.463175
2015-03-23,Call,0.237316,0.5,0.000613,0.002407
2015-03-23,Put,0.49773,0.5,-0.001391,0.012313
2015-03-24,Call,0.386588,0.5,0.001411,0.006895
2015-03-24,Put,0.485537,0.5,-0.001354,0.010342
2015-03-25,Call,0.39465,0.5,0.001233,0.006533
2015-03-25,Put,0.478856,0.5,0.001381,0.00898
2015-03-26,Call,0.30271,0.5,9.5e-05,0.001482
2015-03-26,Put,0.492455,0.5,0.000213,0.009648
2015-03-27,Call,0.3927,0.5,6.6e-05,0.002484
2015-03-27,Put,0.482778,0.5,0.000555,0.01027
2015-03-30,Call,0.409702,0.5,0.000644,0.011236
2015-03-30,Put,0.510218,0.5,-3.2e-05,0.01522
2015-03-31,Call,0.434829,0.5,0.000591,0.007942
2015-03-31,Put,0.503033,0.5,-0.592807,0.26317
2015-04-01,Call,0.481615,0.5,-0.000768,0.017098
2015-04-01,Put,0.5407,0.5,-0.000243,0.015992
2015-04-02,Call,0.430293,0.5,0.002149,0.00497
2015-04-02,Put,0.561916,0.5,-0.531947,0.294464
2015-04-03,Call,0.42355,0.5,0.002634,0.009561
2015-04-03,Put,0.579872,0.5,-0.000954,0.016939
2015-04-07,Call,0.273188,0.5,-1.2e-05,0.00207
2015-04-07,Put,0.559912,0.5,-0.999,0.64238
2015-04-08,Call,0.372393,0.5,0.000601,0.00228
2015-04-08,Put,0.621575,0.5,0.199191,2.192954
2015-04-09,Call,0.661008,0.5,-0.952877,3.149662
2015-04-09,Put,0.620351,0.5,-0.195618,1.427942
2015-04-10,Call,0.661658,0.5,-0.999,1.29288
2015-04-10,Put,0.575072,0.5,0.168486,3.192966
2015-04-13,Call,0.654727,0.5,0.76223,8.108643
2015-04-13,Put,0.634933,0.5,0.2642,3.711456
2015-04-14,Call,0.5938,0.5,-0.00027,0.029559
2015-04-14,Put,0.619609,0.5,0.291264,4.152236
2015-04-15,Call,0.693844,0.5,-0.960574,7.816533
2015-04-15,Put,0.529432,0.5,-0.037489,3.885338
2015-04-16,Call,0.533793,0.5,0.001874,0.010502
2015-04-16,Put,0.736432,0.5,0.383346,1.484267
2015-04-17,Call,0.79931,0.5,0.000106,0.019264
2015-04-17,Put,0.762015,0.5,0.344998,0.971824
2015-04-20,Call,0.900548,0.5,-0.00072,0.01552
2015-04-20,Put,0.792618,0.5,0.430077,1.698576
2015-04-21,Call,0.773193,0.5,0.001164,0.013941
2015-04-21,Put,0.798223,0.5,0.430173,1.878457
2015-04-22,Call,0.771798,0.5,0.001968,0.021141
2015-04-22,Put,0.794147,0.5,0.422155,2.002681
2015-04-23,Call,0.844897,0.5,0.982583,1.586368
2015-04-23,Put,0.795019,0.5,0.466069,1.464019
2015-04-24,Call,0.838833,0.5,0.891955,2.678526
2015-04-24,Put,0.772629,0.5,0.425107,1.424449
2015-04-27,Call,0.86326,0.5,0.999,1.923647
2015-04-27,Put,0.8064,0.5,0.381836,1.210784
2015-04-28,Call,0.842385,0.5,0.999,0.75526
2015-04-28,Put,0.776676,0.5,0.998918,0.045969
2015-04-29,Call,0.79575,0.5,0.056881,1.20921
2015-04-29,Put,0.766943,0.5,0.827892,0.055508
2015-04-30,Call,0.826667,0.5,-0.999,0.301605
2015-04-30,Put,0.754372,0.5,0.229946,0.97711
2015-05-04,Call,0.812234,0.5,0.869719,1.569145
2015-05-04,Put,0.770514,0.5,0.0748,0.612569
2015-05-05,Call,0.701253,0.5,0.076919,2.768526
2015-05-05,Put,0.710691,0.5,0.140512,0.87423
2015-05-06,Call,0.721107,0.5,0.999,1.760945
2015-05-06,Put,0.735331,0.5,0.405332,1.566127
2015-05-07,Call,0.851868,0.5,0.999,0.231915
2015-05-07,Put,0.685265,0.5,0.154564,0.932237
2015-05-08,Call,0.76974,0.5,0.999,1.437435
2015-05-08,Put,0.695468,0.5,0.375042,1.931422
2015-05-11,Call,0.714001,0.5,0.79533,2.177499
2015-05-11,Put,0.710779,0.5,0.427909,2.307687
2015-05-12,Call,0.779879,0.5,0.999,0.993844
2015-05-12,Put,0.734254,0.5,0.385176,2.083183
2015-05-13,Call,0.634756,0.5,0.534377,3.395265
2015-05-13,Put,0.697415,0.5,0.256363,1.868339
2015-05-14,Call,0.658337,0.5,0.410679,2.293735
2015-05-14,Put,0.668043,0.5,-0.713882,0.551016
2015-05-15,Call,0.656347,0.5,-0.349166,3.251928
2015-05-15,Put,0.463732,0.5,-0.999,1.688814
2015-05-18,Call,0.671435,0.5,-0.301848,2.337499
2015-05-18,Put,0.452419,0.5,-0.999,1.379793
2015-05-19,Call,0.662258,0.5,0.999,1.331479
2015-05-19,Put,0.621879,0.5,0.300989,2.007958
2015-05-20,Call,0.783455,0.5,-0.773056,1.583209
2015-05-20,Put,0.545458,0.5,-0.999,1.054603
2015-05-21,Call,0.695613,0.5,0.999,1.983697
2015-05-21,Put,0.64699,0.5,0.316781,1.815002
2015-05-22,Call,0.743868,0.5,0.999,1.36769
2015-05-22,Put,0.685786,0.5,0.226882,1.666477
2015-05-25,Call,0.975915,0.5,0.999,1.58926
2015-05-25,Put,0.774768,0.5,0.282728,2.191525
2015-05-26,Call,0.804578,0.5,0.195786,3.925171
2015-05-26,Put,0.75763,0.5,0.085284,1.917427
2015-05-27,Call,0.815746,0.5,0.251333,4.346472
2015-05-27,Put,0.729754,0.5,0.033064,2.286339
2015-05-28,Call,0.852115,0.5,0.999,1.089055
2015-05-28,Put,0.704927,0.5,0.241457,2.229742
2015-05-29,Call,0.867424,0.5,0.999,1.083074
2015-05-29,Put,0.729157,0.5,0.140757,1.579119
2015-06-01,Call,0.7709,0.5,0.044292,4.370401
2015-06-01,Put,0.713739,0.5,0.284031,2.447806
2015-06-02,Call,0.730399,0.5,0.064383,5.271368
2015-06-02,Put,0.759842,0.5,0.257058,2.476143
2015-06-03,Call,0.790671,0.5,0.155216,4.36493
2015-06-03,Put,0.787929,0.5,0.254467,2.110823
2015-06-04,Call,0.946169,0.5,0.999,1.316394
2015-06-04,Put,0.799055,0.5,0.177975,2.299674
2015-06-05,Call,0.79399,0.5,0.11352,4.407855
2015-06-05,Put,0.79345,0.5,0.178337,2.234442
2015-06-08,Call,0.852617,0.5,0.692972,7.493951
2015-06-08,Put,0.837202,0.5,0.286679,3.256117
2015-06-09,Call,0.667542,0.5,0.224287,7.372227
2015-06-09,Put,0.782462,0.5,0.20105,3.025114
2015-06-10,Call,0.725667,0.5,-0.046477,6.566864
2015-06-10,Put,0.751046,0.5,0.25138,3.159566
2015-06-11,Call,1.05292,0.5,0.998203,2.220573
2015-06-11,Put,0.827281,0.5,0.31544,3.233497
2015-06-12,Call,0.995953,0.5,0.961169,2.951722
2015-06-12,Put,0.793837,0.5,0.325369,4.005521
2015-06-15,Call,0.770585,0.5,-0.286912,6.352693
2015-06-15,Put,0.621015,0.5,-0.293289,3.712287
2015-06-16,Call,0.650785,0.5,0.594173,5.951799
2015-06-16,Put,0.634112,0.5,0.238858,4.561569
2015-06-17,Call,0.836202,0.5,0.928177,4.067927
2015-06-17,Put,0.637939,0.5,0.098339,4.566858
2015-06-18,Call,0.918905,0.5,-0.040308,3.182128
2015-06-18,Put,0.804052,0.5,2.9e-05,0.00811
2015-06-19,Call,1.076534,0.5,-0.003556,2.104955
2015-06-19,Put,0.60119,0.5,-0.000255,0.006557
2015-06-23,Call,1.035058,0.5,-0.153698,3.58708
2015-06-23,Put,0.501053,0.5,-0.001027,0.0031
2015-06-24,Call,0.968703,0.5,0.094127,2.525162
2015-06-24,Put,0.754314,0.5,-0.000111,0.00612
2015-06-25,Call,0.939761,0.5,0.999,0.655761
2015-06-25,Put,0.680205,0.5,-0.001437,0.006407
2015-06-26,Call,0.983954,0.5,0.999,2.099682
2015-06-26,Put,1.088999,0.5,-0.999,2.438045
2015-06-29,Call,1.162472,0.5,0.999,1.824124
2015-06-29,Put,1.197855,0.5,-0.999,1.909485
2015-06-30,Call,1.12888,0.5,0.999,1.114994
2015-06-30,Put,1.01232,0.5,0.999,0.568095
2015-07-01,Call,1.133666,0.5,0.999,1.149943
2015-07-01,Put,0.98741,0.5,-0.999,2.167423
2015-07-02,Call,1.152885,0.5,0.999,1.362031
2015-07-02,Put,1.010551,0.5,-0.999,1.704843
2015-07-03,Call,1.104279,0.5,0.999,1.751482
2015-07-03,Put,1.140708,0.5,-0.999,1.39188
2015-07-06,Call,1.188732,0.5,0.999,0.88363
2015-07-06,Put,1.073526,0.5,0.001454,0.016923
2015-07-07,Call,0.926584,0.5,0.318457,2.683232
2015-07-07,Put,1.048355,0.5,0.999,1.956155
2015-07-08,Call,0.760357,0.5,0.251327,3.476787
2015-07-08,Put,1.313895,0.5,0.999,8.39833
2015-07-09,Call,0.945416,0.5,0.475232,2.21016
2015-07-09,Put,1.166306,0.5,0.999,2.438885
2015-07-10,Call,0.936355,0.5,0.999,2.235665
2015-07-10,Put,1.150372,0.5,0.999,1.393356
2015-07-13,Call,0.918754,0.5,0.999,1.841348
2015-07-13,Put,1.093652,0.5,0.999,1.161057
2015-07-14,Call,0.71194,0.5,0.853696,3.339003
2015-07-14,Put,1.006301,0.5,0.999,2.504283
2015-07-15,Call,0.489918,0.5,0.805115,5.099253
2015-07-15,Put,1.098973,0.5,0.922944,11.796388
2015-07-16,Call,0.615416,0.5,0.001436,0.006913
2015-07-16,Put,0.759815,0.5,0.465473,3.150296
2015-07-17,Call,0.555962,0.5,0.000441,0.005954
2015-07-17,Put,0.755284,0.5,0.001784,0.006055
2015-07-20,Call,0.405077,0.5,0.00218,0.006535
2015-07-20,Put,0.895035,0.5,0.000887,0.006209
2015-07-21,Call,0.421645,0.5,0.999,3.186269
2015-07-21,Put,0.929172,0.5,0.000946,0.006408
2015-07-22,Call,0.35967,0.5,0.999,3.154527
2015-07-22,Put,0.850175,0.5,0.001054,0.00699
2015-07-23,Call,0.374048,0.5,0.999,2.122067
2015-07-23,Put,0.656371,0.5,0.611557,2.485459
2015-07-24,Call,0.361038,0.5,0.999,2.276802
2015-07-24,Put,0.672898,0.5,0.714326,2.714978
2015-07-27,Call,0.484346,0.5,0.624493,1.549643
2015-07-27,Put,0.628,0.5,0.999,1.685136
2015-07-28,Call,0.601499,0.5,0.371582,1.530291
2015-07-28,Put,0.647374,0.5,0.348215,1.93956
2015-07-29,Call,0.605175,0.5,0.282519,1.511062
2015-07-29,Put,0.69677,0.5,0.427244,2.994859
2015-07-30,Call,0.440422,0.5,0.999,1.784438
2015-07-30,Put,0.885044,0.5,0.999,2.381048
2015-07-31,Call,0.506081,0.5,0.999,1.391264
2015-07-31,Put,0.794774,0.5,0.833938,3.122838
2015-08-03,Call,0.410088,0.5,0.999,2.411828
2015-08-03,Put,0.876569,0.5,0.84177,3.722413
2015-08-04,Call,0.437211,0.5,0.999,2.031736
2015-08-04,Put,0.667104,0.5,0.49717,3.982949
2015-08-05,Call,0.45838,0.5,0.999,2.048186
2015-08-05,Put,0.694199,0.5,0.717315,3.424984
2015-08-06,Call,0.510177,0.5,0.999,1.730299
2015-08-06,Put,0.677336,0.5,0.506215,3.136813
2015-08-07,Call,0.55292,0.5,0.964067,1.324732
2015-08-07,Put,0.549619,0.5,0.169219,3.405946
2015-08-10,Call,0.460035,0.5,0.999,1.736295
2015-08-10,Put,0.628806,0.5,0.486856,3.748447
2015-08-11,Call,0.460562,0.5,0.999,1.9139
2015-08-11,Put,0.639602,0.5,0.515629,3.066082
2015-08-12,Call,0.507567,0.5,0.732172,1.452319
2015-08-12,Put,0.633023,0.5,0.529093,1.828743
2015-08-13,Call,0.429338,0.5,0.999,1.911704
2015-08-13,Put,0.654942,0.5,0.619692,3.48995
2015-08-14,Call,0.371741,0.5,0.999,2.140279
2015-08-14,Put,0.710312,0.5,0.686119,3.570982
2015-08-17,Call,0.305087,0.5,0.999,3.213841
2015-08-17,Put,0.942318,0.5,0.933456,5.611885
2015-08-18,Call,0.28273,0.5,0.999,4.073787
2015-08-18,Put,1.013612,0.5,0.97141,11.208961
2015-08-19,Call,0.298561,0.5,0.999,3.945688
2015-08-19,Put,0.872743,0.5,0.956276,12.303292
2015-08-20,Call,0.318254,0.5,0.999,2.513782
2015-08-20,Put,0.641196,0.5,0.228149,5.644796
2015-08-21,Call,0.411727,0.5,0.381017,2.37395
2015-08-21,Put,0.598444,0.5,0.144788,5.396399
2015-08-24,Call,0.865509,0.5,-0.448173,2.70754
2015-08-24,Put,1.2032,0.5,-0.447005,5.823593
2015-08-25,Call,0.933496,0.5,0.096847,1.721633
2015-08-25,Put,1.188788,0.5,0.050756,5.127062
2015-08-26,Call,0.75408,0.5,0.328073,1.928923
2015-08-26,Put,1.480378,0.5,0.999,2.053407
2015-08-27,Call,0.478899,0.5,0.999,2.559328
2015-08-27,Put,1.138002,0.5,0.613144,5.308077
2015-08-28,Call,0.434716,0.5,0.999,2.27644
2015-08-28,Put,1.100054,0.5,0.616202,5.855515
2015-08-31,Call,0.385231,0.5,0.999,2.655709
2015-08-31,Put,1.36263,0.5,0.705191,6.464934
2015-09-01,Call,0.346922,0.5,0.999,2.947336
2015-09-01,Put,1.468368,0.5,0.720482,7.049104
2015-09-02,Call,0.345229,0.5,0.999,2.769786
2015-09-02,Put,1.535412,0.5,0.786277,7.336276
2015-09-07,Call,0.571557,0.5,0.999,2.398392
2015-09-07,Put,1.027628,0.5,0.614834,7.014802
2015-09-08,Call,0.508915,0.5,0.999,2.573705
2015-09-08,Put,0.630946,0.5,0.598795,8.045703
2015-09-09,Call,0.479895,0.5,0.999,3.053631
2015-09-09,Put,0.695694,0.5,0.666826,7.710799
2015-09-10,Call,0.469508,0.5,0.999,2.859988
2015-09-10,Put,0.597289,0.5,0.501219,5.705268
2015-09-11,Call,0.501017,0.5,0.999,2.929609
2015-09-11,Put,0.603323,0.5,0.500702,5.17169
2015-09-14,Call,0.301448,0.5,0.999,5.141018
2015-09-14,Put,1.137927,0.5,0.871058,14.790636
2015-09-15,Call,0.481329,0.5,0.999,3.975602
2015-09-15,Put,0.58097,0.5,0.772881,12.689917
2015-09-16,Call,0.448876,0.5,0.999,4.310452
2015-09-16,Put,0.412327,0.5,0.441305,8.058554
2015-09-17,Call,0.423698,0.5,0.000959,0.005304
2015-09-17,Put,0.679885,0.5,-0.001112,0.007232
2015-09-18,Call,0.398301,0.5,0.000839,0.003777
2015-09-18,Put,0.675267,0.5,-0.000631,0.007051
2015-09-21,Call,0.368234,0.5,0.001194,0.003955
2015-09-21,Put,0.66733,0.5,0.000262,0.0074
2015-09-22,Call,0.254175,0.5,0.000249,0.001277
2015-09-22,Put,0.626133,0.5,-7.9e-05,0.008821
2015-09-23,Call,0.316587,0.5,0.000668,0.00292
2015-09-23,Put,0.638938,0.5,0.00085,0.006237
2015-09-24,Call,0.35499,0.5,9.5e-05,0.001507
2015-09-24,Put,0.626036,0.5,0.00116,0.006384
2015-09-25,Call,0.293119,0.5,9.3e-05,0.001371
2015-09-25,Put,0.605272,0.5,0.000273,0.005942
2015-09-28,Call,0.246212,0.5,0.000282,0.001338
2015-09-28,Put,0.545138,0.5,0.001658,0.006323
2015-09-29,Call,0.254306,0.5,0.000106,0.001669
2015-09-29,Put,0.558306,0.5,0.001841,0.006177
2015-09-30,Call,0.256477,0.5,9.2e-05,0.001535
2015-09-30,Put,0.520404,0.5,9.2e-05,0.006395
2015-10-08,Call,0.280882,0.5,0.000102,0.001401
2015-10-08,Put,0.5365,0.5,-0.000135,0.007951
2015-10-09,Call,0.217759,0.5,0.000248,0.001154
2015-10-09,Put,0.528084,0.5,-9e-05,0.009183
2015-10-12,Call,0.304826,0.5,9.1e-05,0.00176
2015-10-12,Put,0.489181,0.5,-0.999,1.410513
2015-10-13,Call,0.281589,0.5,0.000328,0.00134
2015-10-13,Put,0.49397,0.5,0.095111,3.000077
2015-10-14,Call,0.300907,0.5,0.000113,0.001519
2015-10-14,Put,0.439301,0.5,0.023247,3.607009
2015-10-15,Call,0.212629,0.5,0.000295,0.001217
2015-10-15,Put,0.410668,0.5,0.194593,4.268364
2015-10-16,Call,0.158713,0.5,0.000284,0.001024
2015-10-16,Put,0.41812,0.5,0.295932,4.543002
2015-10-19,Call,0.145487,0.5,0.000268,0.001
2015-10-19,Put,0.490311,0.5,0.323899,4.711408
2015-10-20,Call,0.102909,0.5,0.000251,0.001
2015-10-20,Put,0.577197,0.5,0.600469,6.250519
2015-10-21,Call,0.130078,0.5,0.000302,0.001008
2015-10-21,Put,0.676074,0.5,-0.001716,0.015702
2015-10-22,Call,0.206004,0.5,0.0,0.001192
2015-10-22,Put,0.571194,0.5,0.000631,0.004163
2015-10-23,Call,0.164037,0.5,0.000146,0.001039
2015-10-23,Put,0.556531,0.5,0.000434,0.004589
2015-10-26,Call,0.209676,0.5,-1e-06,0.001189
2015-10-26,Put,0.569788,0.5,0.000633,0.004171
2015-10-27,Call,0.179224,0.5,0.0,0.001121
2015-10-27,Put,0.529532,0.5,5.6e-05,0.00457
2015-10-28,Call,0.267643,0.5,0.000357,0.002284
2015-10-28,Put,0.517021,0.5,8.3e-05,0.003815
2015-10-29,Call,0.283557,0.5,0.999,1.972478
2015-10-29,Put,0.503648,0.5,0.540804,3.210924
2015-10-30,Call,0.280978,0.5,0.999,1.955627
2015-10-30,Put,0.431687,0.5,0.502917,3.393549
2015-11-02,Call,0.294465,0.5,0.999,1.944928
2015-11-02,Put,0.406728,0.5,0.454353,3.403136
2015-11-03,Call,0.291474,0.5,0.999,1.959901
2015-11-03,Put,0.39599,0.5,0.462434,3.611994
2015-11-04,Call,0.257399,0.5,0.999,2.17776
2015-11-04,Put,0.485239,0.5,0.645504,4.085106
2015-11-05,Call,0.280301,0.5,0.999,2.115009
2015-11-05,Put,0.526893,0.5,0.519752,3.156526
2015-11-06,Call,0.321541,0.5,0.999,1.995741
2015-11-06,Put,0.494828,0.5,0.488699,3.261782
2015-11-09,Call,0.549627,0.5,0.999,1.548266
2015-11-09,Put,0.650074,0.5,0.152156,1.358147
2015-11-10,Call,0.518151,0.5,0.999,1.921952
2015-11-10,Put,0.637057,0.5,0.346394,2.347478
2015-11-11,Call,0.447566,0.5,0.999,2.106147
2015-11-11,Put,0.572075,0.5,0.411358,2.686417
2015-11-12,Call,0.437712,0.5,0.999,2.130679
2015-11-12,Put,0.515022,0.5,0.329464,2.452505
2015-11-13,Call,0.475523,0.5,0.999,1.305771
2015-11-13,Put,0.507458,0.5,0.365457,2.692159
2015-11-16,Call,0.373308,0.5,0.999,2.680252
2015-11-16,Put,0.580494,0.5,0.585405,3.943489
2015-11-17,Call,0.34819,0.5,0.999,2.666793
2015-11-17,Put,0.571597,0.5,0.528965,3.641572
2015-11-18,Call,0.339479,0.5,0.999,2.596804
2015-11-18,Put,0.569993,0.5,0.516228,3.693082
2015-11-19,Call,0.336843,0.5,0.999,2.346554
2015-11-19,Put,0.548502,0.5,0.655147,4.541358
2015-11-20,Call,0.336156,0.5,0.999,2.111609
2015-11-20,Put,0.476564,0.5,0.60198,4.423018
2015-11-23,Call,0.287314,0.5,0.999,2.334077
2015-11-23,Put,0.52403,0.5,0.578571,4.063617
2015-11-24,Call,0.283747,0.5,0.999,2.381308
2015-11-24,Put,0.467344,0.5,0.679622,5.282925
2015-11-25,Call,0.302758,0.5,0.999,2.372042
2015-11-25,Put,0.452413,0.5,0.648004,5.118703
2015-11-26,Call,0.320018,0.5,0.999,2.318238
2015-11-26,Put,0.386802,0.5,0.546994,4.752574
2015-11-27,Call,0.485362,0.5,0.999,1.329046
2015-11-27,Put,0.291642,0.5,0.244419,5.379153
2015-11-30,Call,0.493939,0.5,0.999,1.413655
2015-11-30,Put,0.406078,0.5,0.14359,3.958388
2015-12-01,Call,0.434259,0.5,0.999,2.06464
2015-12-01,Put,0.445627,0.5,0.311981,3.860569
2015-12-02,Call,0.350639,0.5,0.999,2.718723
2015-12-02,Put,0.489638,0.5,0.679304,6.016013
2015-12-03,Call,0.369246,0.5,0.999,2.786112
2015-12-03,Put,0.497357,0.5,0.64348,5.679022
2015-12-04,Call,0.415555,0.5,0.999,2.396182
2015-12-04,Put,0.444979,0.5,0.531563,5.019613
2015-12-07,Call,0.410627,0.5,0.999,2.622168
2015-12-07,Put,0.450902,0.5,0.583136,5.103367
2015-12-08,Call,0.354173,0.5,0.999,3.151283
2015-12-08,Put,0.514635,0.5,0.775676,7.4314
2015-12-09,Call,0.377361,0.5,0.999,2.897891
2015-12-09,Put,0.435745,0.5,0.612336,6.405808
2015-12-10,Call,0.370497,0.5,0.999,3.098598
2015-12-10,Put,0.469162,0.5,0.57238,5.706881
2015-12-11,Call,0.434852,0.5,0.999,2.864553
2015-12-11,Put,0.481645,0.5,-0.044335,2.614551
2015-12-14,Call,0.462121,0.5,0.999,3.442327
2015-12-14,Put,0.355487,0.5,0.601282,8.493492
2015-12-15,Call,0.353144,0.5,0.703686,5.341933
2015-12-15,Put,0.494511,0.5,-0.734901,2.100545
2015-12-16,Call,0.137495,0.5,-0.795468,15.692665
2015-12-16,Put,0.428052,0.5,-0.999,2.47776
2015-12-17,Call,0.334251,0.5,0.000294,0.002229
2015-12-17,Put,0.493786,0.5,0.000303,0.002877
2015-12-18,Call,0.248078,0.5,0.000204,0.001845
2015-12-18,Put,0.440918,0.5,5.3e-05,0.002908
2015-12-21,Call,0.145841,0.5,-1e-06,0.001063
2015-12-21,Put,0.490572,0.5,0.000135,0.004261
2015-12-22,Call,0.217277,0.5,7.6e-05,0.001162
2015-12-22,Put,0.48595,0.5,7.7e-05,0.00416
2015-12-23,Call,0.201209,0.5,-1e-06,0.001183
2015-12-23,Put,0.505043,0.5,4.9e-05,0.004459
2015-12-24,Call,0.296861,0.5,4.4e-05,0.001312
2015-12-24,Put,0.458981,0.5,2.9e-05,0.004113
2015-12-25,Call,0.326283,0.5,-3e-06,0.001508
2015-12-25,Put,0.435857,0.5,0.000197,0.004248
2015-12-28,Call,0.398169,0.5,0.000751,0.004286
2015-12-28,Put,0.438534,0.5,0.000484,0.004008
2015-12-29,Call,0.343763,0.5,3.3e-05,0.001548
2015-12-29,Put,0.452818,0.5,0.000579,0.00403
2015-12-30,Call,0.37396,0.5,1.7e-05,0.00172
2015-12-30,Put,0.444739,0.5,0.000471,0.004005
2015-12-31,Call,0.384676,0.5,1.6e-05,0.001767
2015-12-31,Put,0.454615,0.5,9.5e-05,0.003959
2016-01-04,Call,0.470275,0.5,0.001072,0.008916
2016-01-04,Put,0.67715,0.5,-3.9e-05,0.00669
2016-01-05,Call,0.476144,0.5,0.001373,0.008441
2016-01-05,Put,0.619771,0.5,0.002171,0.007838
2016-01-06,Call,0.405656,0.5,5.7e-05,0.002421
2016-01-06,Put,0.646122,0.5,0.000512,0.005946
2016-01-07,Call,0.42063,0.5,0.999,1.956247
2016-01-07,Put,0.907723,0.5,-3e-06,0.011536
2016-01-08,Call,0.488424,0.5,9.6e-05,0.004233
2016-01-08,Put,0.614252,0.5,0.717979,2.276112
2016-01-11,Call,0.506454,0.5,0.999,1.006754
2016-01-11,Put,0.616792,0.5,0.999,2.362689
2016-01-12,Call,0.504002,0.5,0.999,0.690894
2016-01-12,Put,0.584759,0.5,0.305609,2.93466
2016-01-13,Call,0.505286,0.5,0.999,0.724238
2016-01-13,Put,0.551186,0.5,0.103095,3.354383
2016-01-14,Call,0.538085,0.5,0.000116,0.006132
2016-01-14,Put,0.567012,0.5,0.235708,3.325163
2016-01-15,Call,0.487373,0.5,0.999,1.157771
2016-01-15,Put,0.496298,0.5,-0.052895,4.927174
2016-01-18,Call,0.460751,0.5,0.999,1.654354
2016-01-18,Put,0.63941,0.5,0.999,3.174301
2016-01-19,Call,0.36559,0.5,0.999,2.977039
2016-01-19,Put,0.678638,0.5,0.947782,3.352195
2016-01-20,Call,0.348755,0.5,0.999,3.338489
2016-01-20,Put,0.717022,0.5,0.999,5.526321
2016-01-21,Call,0.373626,0.5,0.999,1.444901
2016-01-21,Put,0.558992,0.5,0.256971,4.549816
2016-01-22,Call,0.367772,0.5,0.999,1.281285
2016-01-22,Put,0.483161,0.5,0.102451,5.329089
2016-01-25,Call,0.35896,0.5,0.999,1.380719
2016-01-25,Put,0.492757,0.5,0.160569,5.305278
2016-01-26,Call,0.391673,0.5,0.22793,2.213476
2016-01-26,Put,0.48033,0.5,-0.296434,6.590422
2016-01-27,Call,0.426362,0.5,0.477409,2.19684
2016-01-27,Put,0.493446,0.5,0.142445,4.804397
2016-01-28,Call,0.436109,0.5,0.999,1.281579
2016-01-28,Put,0.553112,0.5,0.392773,3.291744
2016-01-29,Call,0.399662,0.5,0.55288,1.645451
2016-01-29,Put,0.539118,0.5,0.243054,3.623388
2016-02-01,Call,0.387242,0.5,0.603988,1.656085
2016-02-01,Put,0.497735,0.5,0.437886,3.854014
2016-02-02,Call,0.346157,0.5,0.999,1.533847
2016-02-02,Put,0.486821,0.5,0.533791,3.796039
2016-02-03,Call,0.3862,0.5,0.555533,1.560505
2016-02-03,Put,0.420607,0.5,0.220739,4.038125
2016-02-04,Call,0.313233,0.5,0.999,1.692077
2016-02-04,Put,0.466354,0.5,0.50011,3.97728
2016-02-05,Call,0.340026,0.5,0.999,1.571546
2016-02-05,Put,0.496577,0.5,0.475186,3.289867
2016-02-15,Call,0.361071,0.5,0.999,2.332698
2016-02-15,Put,0.560711,0.5,0.476671,3.648115
2016-02-16,Call,0.333068,0.5,0.999,2.428972
2016-02-16,Put,0.602235,0.5,0.796313,3.9635
2016-02-17,Call,0.305881,0.5,0.999,2.689977
2016-02-17,Put,0.391734,0.5,0.91818,14.274139
2016-02-18,Call,0.258883,0.5,0.999,2.179436
2016-02-18,Put,0.424084,0.5,0.32751,5.091857
2016-02-19,Call,0.266335,0.5,0.999,2.1293
2016-02-19,Put,0.351678,0.5,0.308729,5.564586
2016-02-22,Call,0.217261,0.5,0.999,2.781496
2016-02-22,Put,0.422982,0.5,0.514115,5.276676
2016-02-23,Call,0.259284,0.5,0.999,2.376559
2016-02-23,Put,0.369916,0.5,0.408198,5.639631
2016-02-24,Call,0.248566,0.5,0.999,2.457813
2016-02-24,Put,0.387731,0.5,0.46063,6.183071
2016-02-25,Call,0.300626,0.5,0.520712,2.472716
2016-02-25,Put,0.427205,0.5,0.243988,4.478532
2016-02-26,Call,0.298308,0.5,0.999,2.12611
2016-02-26,Put,0.331876,0.5,0.130753,5.822281
2016-02-29,Call,0.278035,0.5,0.999,2.696926
2016-02-29,Put,0.326982,0.5,0.310988,7.371062
2016-03-01,Call,0.27696,0.5,0.999,2.61494
2016-03-01,Put,0.317658,0.5,0.237778,6.668772
2016-03-02,Call,0.28277,0.5,0.999,2.73724
2016-03-02,Put,0.415435,0.5,0.536422,6.496496
2016-03-03,Call,0.288373,0.5,0.999,2.691272
2016-03-03,Put,0.420506,0.5,0.563496,6.9559
2016-03-04,Call,0.260449,0.5,0.999,3.07853
2016-03-04,Put,0.519722,0.5,0.659108,6.942795
2016-03-07,Call,0.35267,0.5,0.999,2.564902
2016-03-07,Put,0.49673,0.5,0.514893,5.13003
2016-03-08,Call,0.362249,0.5,0.999,2.485726
2016-03-08,Put,0.395383,0.5,0.632386,8.191919
2016-03-09,Call,0.286911,0.5,0.999,3.076855
2016-03-09,Put,0.521424,0.5,0.736669,8.91735
2016-03-10,Call,0.390725,0.5,0.4454,3.043173
2016-03-10,Put,0.559872,0.5,-0.999,0.416213
2016-03-11,Call,0.325222,0.5,0.999,3.256673
2016-03-11,Put,0.447971,0.5,0.652749,8.030917
2016-03-14,Call,0.407668,0.5,0.999,3.141402
2016-03-14,Put,0.554195,0.5,-0.999,1.397804
2016-03-15,Call,0.317765,0.5,0.999,4.500687
2016-03-15,Put,0.464817,0.5,0.796681,12.282764
2016-03-16,Call,0.251847,0.5,0.999,5.724676
2016-03-16,Put,0.644047,0.5,0.84241,13.959716
2016-03-17,Call,0.198184,0.5,0.000167,0.00114
2016-03-17,Put,0.53061,0.5,7.1e-05,0.004963
2016-03-18,Call,0.28335,0.5,0.000408,0.002772
2016-03-18,Put,0.49169,0.5,2.8e-05,0.005429
2016-03-21,Call,0.3016,0.5,0.000556,0.003639
2016-03-21,Put,0.512056,0.5,6.6e-05,0.007532
2016-03-22,Call,0.428372,0.5,0.001222,0.005902
2016-03-22,Put,0.487838,0.5,-0.000111,0.00658
2016-03-23,Call,0.378792,0.5,0.000957,0.004204
2016-03-23,Put,0.512382,0.5,0.000998,0.00647
2016-03-24,Call,0.373939,0.5,-2e-06,0.001769
2016-03-24,Put,0.490166,0.5,0.000216,0.005456
2016-03-25,Call,0.349346,0.5,5.6e-05,0.001688
2016-03-25,Put,0.466305,0.5,0.00079,0.005236
2016-03-28,Call,0.383668,0.5,2.2e-05,0.001977
2016-03-28,Put,0.45487,0.5,0.000676,0.005254
2016-03-29,Call,0.403193,0.5,2.3e-05,0.002082
2016-03-29,Put,0.44866,0.5,0.000153,0.002254
2016-03-30,Call,0.299129,0.5,5.4e-05,0.001415
2016-03-30,Put,0.460872,0.5,0.001009,0.006432
2016-03-31,Call,0.334673,0.5,5.5e-05,0.001583
2016-03-31,Put,0.46465,0.5,0.000849,0.006363
2016-04-01,Call,0.321382,0.5,6e-05,0.001604
2016-04-01,Put,0.466328,0.5,6.4e-05,0.006775
2016-04-05,Call,0.345535,0.5,5.5e-05,0.001704
2016-04-05,Put,0.461266,0.5,-0.000787,0.007901
2016-04-06,Call,0.411667,0.5,-1.5e-05,0.002486
2016-04-06,Put,0.441783,0.5,-1e-05,0.002588
2016-04-07,Call,0.383322,0.5,3.6e-05,0.002218
2016-04-07,Put,0.419118,0.5,-5e-06,0.002276
2016-04-08,Call,0.386788,0.5,-2e-05,0.002269
2016-04-08,Put,0.392768,0.5,6e-06,0.002158
2016-04-11,Call,0.386475,0.5,-3.9e-05,0.00246
2016-04-11,Put,0.39822,0.5,-6e-06,0.002291
2016-04-12,Call,0.289843,0.5,6.3e-05,0.001664
2016-04-12,Put,0.39353,0.5,1e-06,0.002281
2016-04-13,Call,0.42677,0.5,-9e-05,0.003063
2016-04-13,Put,0.3559,0.5,-5.8e-05,0.002505
2016-04-14,Call,0.333613,0.5,-0.442104,4.113731
2016-04-14,Put,0.360863,0.5,-4.4e-05,0.002651
2016-04-15,Call,0.398387,0.5,-1.4e-05,0.002936
2016-04-15,Put,0.366431,0.5,-4.1e-05,0.002666
2016-04-18,Call,0.372544,0.5,-0.707161,5.010093
2016-04-18,Put,0.336936,0.5,-9.5e-05,0.002475
2016-04-19,Call,0.386972,0.5,-1.2e-05,0.002833
2016-04-19,Put,0.387694,0.5,-4.7e-05,0.002621
2016-04-20,Call,0.178447,0.5,0.000224,0.001357
2016-04-20,Put,0.445542,0.5,1e-05,0.002746
2016-04-21,Call,0.254625,0.5,2.7e-05,0.001316
2016-04-21,Put,0.375625,0.5,0.000468,0.002613
2016-04-22,Call,0.277187,0.5,1.8e-05,0.001407
2016-04-22,Put,0.362402,0.5,0.000129,0.002804
2016-04-25,Call,0.283301,0.5,1.2e-05,0.001422
2016-04-25,Put,0.371566,0.5,0.000469,0.002562
2016-04-26,Call,0.253343,0.5,2.2e-05,0.001294
2016-04-26,Put,0.377706,0.5,0.000438,0.00249
2016-04-27,Call,0.249711,0.5,3.1e-05,0.001323
2016-04-27,Put,0.381045,0.5,0.000449,0.002643
2016-04-28,Call,0.225056,0.5,0.999,1.690011
2016-04-28,Put,0.337561,0.5,0.456026,2.994519
2016-04-29,Call,0.205172,0.5,0.999,1.754216
2016-04-29,Put,0.322017,0.5,0.471311,3.05275
2016-05-03,Call,0.204533,0.5,0.999,1.853289
2016-05-03,Put,0.306046,0.5,0.463522,3.075214
2016-05-04,Call,0.200661,0.5,0.999,1.802062
2016-05-04,Put,0.297731,0.5,0.454184,2.961856
2016-05-05,Call,0.20039,0.5,0.999,1.878382
2016-05-05,Put,0.286232,0.5,0.480074,3.270493
2016-05-06,Call,0.243913,0.5,0.999,1.413158
2016-05-06,Put,0.230343,0.5,0.067172,3.153064
2016-05-09,Call,0.250288,0.5,0.999,1.627018
2016-05-09,Put,0.285939,0.5,0.220441,3.770417
2016-05-10,Call,0.194216,0.5,0.999,2.194527
2016-05-10,Put,0.333829,0.5,0.462335,3.672642
2016-05-11,Call,0.17751,0.5,0.999,2.145324
2016-05-11,Put,0.294342,0.5,0.462216,4.181897
2016-05-12,Call,0.155745,0.5,0.999,2.624643
2016-05-12,Put,0.318697,0.5,0.555115,4.389286
2016-05-13,Call,0.168551,0.5,0.999,2.35715
2016-05-13,Put,0.293024,0.5,0.550936,4.510723
2016-05-16,Call,0.175685,0.5,0.999,2.493571
2016-05-16,Put,0.295906,0.5,0.586389,4.61212
2016-05-17,Call,0.174439,0.5,0.999,2.734441
2016-05-17,Put,0.265974,0.5,0.527788,4.474476
2016-05-18,Call,0.159742,0.5,0.999,3.145106
2016-05-18,Put,0.31673,0.5,0.68111,4.712382
2016-05-19,Call,0.147254,0.5,0.999,2.928447
2016-05-19,Put,0.262971,0.5,0.588409,4.954759
2016-05-20,Call,0.153385,0.5,0.999,2.746201
2016-05-20,Put,0.25436,0.5,0.659479,5.395409
2016-05-23,Call,0.152591,0.5,0.999,2.770856
2016-05-23,Put,0.241048,0.5,0.646807,5.170337
2016-05-24,Call,0.168406,0.5,0.999,2.510712
2016-05-24,Put,0.202078,0.5,0.526035,5.094824
2016-05-25,Call,0.149657,0.5,0.999,3.038276
2016-05-25,Put,0.217706,0.5,0.551845,5.467178
2016-05-26,Call,0.163496,0.5,0.999,2.584851
2016-05-26,Put,0.191787,0.5,0.549011,5.561773
2016-05-27,Call,0.142058,0.5,0.999,2.992036
2016-05-27,Put,0.193718,0.5,0.564881,5.535403
2016-05-30,Call,0.14877,0.5,0.999,3.217839
2016-05-30,Put,0.199884,0.5,0.643527,6.304252
2016-05-31,Call,0.204465,0.5,0.999,2.616439
2016-05-31,Put,0.256917,0.5,0.58019,5.189352
2016-06-01,Call,0.235738,0.5,0.999,2.019708
2016-06-01,Put,0.213313,0.5,0.401252,4.753822
2016-06-02,Call,0.246719,0.5,0.999,1.967436
2016-06-02,Put,0.217699,0.5,0.44211,4.475805
2016-06-03,Call,0.235525,0.5,0.999,2.258632
2016-06-03,Put,0.23406,0.5,0.417972,4.363335
2016-06-06,Call,0.267126,0.5,0.999,2.144374
2016-06-06,Put,0.345924,0.5,7.8e-05,0.005513
2016-06-07,Call,0.243519,0.5,0.783119,2.978128
2016-06-07,Put,0.23858,0.5,-0.001988,0.003726
2016-06-08,Call,0.252824,0.5,0.999,2.428432
2016-06-08,Put,0.370416,0.5,0.000146,0.005487
2016-06-13,Call,0.221514,0.5,0.999,5.181035
2016-06-13,Put,0.180103,0.5,0.847843,14.38689
2016-06-14,Call,0.235349,0.5,0.999,4.938594
2016-06-14,Put,0.226468,0.5,0.855699,13.628705
2016-06-15,Call,0.177323,0.5,0.999,6.326134
2016-06-15,Put,0.188789,0.5,0.853027,14.257958
2016-06-16,Call,0.137147,0.5,0.000151,0.001319
2016-06-16,Put,0.314213,0.5,0.000262,0.002838
2016-06-17,Call,0.124068,0.5,0.00012,0.00129
2016-06-17,Put,0.30255,0.5,0.000357,0.002816
2016-06-20,Call,0.1336,0.5,0.000114,0.001232
2016-06-20,Put,0.302395,0.5,0.000332,0.002841
2016-06-21,Call,0.133315,0.5,0.000114,0.00124
2016-06-21,Put,0.302118,0.5,0.000326,0.002819
2016-06-22,Call,0.143418,0.5,0.000106,0.001181
2016-06-22,Put,0.298329,0.5,0.000298,0.002853
2016-06-23,Call,0.157515,0.5,0.000121,0.001311
2016-06-23,Put,0.29891,0.5,0.000102,0.001422
2016-06-24,Call,0.214846,0.5,2.3e-05,0.001457
2016-06-24,Put,0.293072,0.5,0.000117,0.001437
2016-06-27,Call,0.195674,0.5,2.5e-05,0.001432
2016-06-27,Put,0.293943,0.5,0.000105,0.001442
2016-06-28,Call,0.178178,0.5,3.1e-05,0.001373
2016-06-28,Put,0.275743,0.5,0.000158,0.001472
2016-06-29,Call,0.148261,0.5,0.000201,0.001242
2016-06-29,Put,0.273228,0.5,0.000157,0.001508
2016-06-30,Call,0.163456,0.5,0.000226,0.001341
2016-06-30,Put,0.254648,0.5,0.000111,0.001668
2016-07-01,Call,0.146625,0.5,0.000233,0.001336
2016-07-01,Put,0.258287,0.5,9.2e-05,0.001659
2016-07-04,Call,0.113907,0.5,0.000211,0.001099
2016-07-04,Put,0.260771,0.5,-3.8e-05,0.00195
2016-07-05,Call,0.110173,0.5,0.000307,0.001303
2016-07-05,Put,0.280844,0.5,0.00012,0.002034
2016-07-06,Call,0.115848,0.5,0.000311,0.001309
2016-07-06,Put,0.27554,0.5,0.000161,0.002001
2016-07-07,Call,0.105365,0.5,0.000183,0.001252
2016-07-07,Put,0.295768,0.5,0.000149,0.001955
2016-07-08,Call,0.143315,0.5,0.000305,0.00135
2016-07-08,Put,0.272872,0.5,6.5e-05,0.002044
2016-07-11,Call,0.123041,0.5,0.000292,0.001259
2016-07-11,Put,0.278338,0.5,-3.1e-05,0.002128
2016-07-12,Call,0.104794,0.5,0.000161,0.00106
2016-07-12,Put,0.280826,0.5,-0.00018,0.002655
2016-07-13,Call,0.150599,0.5,0.000219,0.00136
2016-07-13,Put,0.289942,0.5,-0.00022,0.002764
2016-07-14,Call,0.145204,0.5,0.000368,0.001327
2016-07-14,Put,0.288199,0.5,-0.000181,0.002753
2016-07-15,Call,0.235667,0.5,0.000123,0.002393
2016-07-15,Put,0.278757,0.5,-0.000238,0.002876
2016-07-18,Call,0.279186,0.5,-2.9e-05,0.002366
2016-07-18,Put,0.292168,0.5,-0.000229,0.00267
2016-07-19,Call,0.183854,0.5,0.00016,0.001749
2016-07-19,Put,0.300427,0.5,-0.000139,0.002479
2016-07-20,Call,0.228717,0.5,2.2e-05,0.001842
2016-07-20,Put,0.293612,0.5,-3.6e-05,0.002401
2016-07-21,Call,0.17547,0.5,4e-05,0.001225
2016-07-21,Put,0.282299,0.5,-4e-06,0.001685
2016-07-22,Call,0.196627,0.5,3e-05,0.001355
2016-07-22,Put,0.280658,0.5,-2e-06,0.001625
2016-07-25,Call,0.174222,0.5,4.3e-05,0.001261
2016-07-25,Put,0.268187,0.5,4e-06,0.001598
2016-07-26,Call,0.166023,0.5,3.9e-05,0.001233
2016-07-26,Put,0.26224,0.5,-5e-06,0.0017
2016-07-27,Call,0.127049,0.5,0.000139,0.001194
2016-07-27,Put,0.313608,0.5,0.000391,0.003625
2016-07-28,Call,0.114261,0.5,0.00055,0.001254
2016-07-28,Put,0.279847,0.5,-0.000442,0.005248
2016-07-29,Call,0.134557,0.5,0.000573,0.001498
2016-07-29,Put,0.268077,0.5,-0.000588,0.005314
2016-08-01,Call,0.135231,0.5,0.000644,0.00159
2016-08-01,Put,0.267365,0.5,-0.000454,0.005197
2016-08-02,Call,0.122279,0.5,0.000628,0.001523
2016-08-02,Put,0.262143,0.5,-0.000378,0.005307
2016-08-03,Call,0.116349,0.5,0.00065,0.001573
2016-08-03,Put,0.261254,0.5,-0.000312,0.005271
2016-08-04,Call,0.106593,0.5,0.000648,0.001583
2016-08-04,Put,0.261364,0.5,-0.000232,0.005182
2016-08-05,Call,0.102474,0.5,0.000616,0.001487
2016-08-05,Put,0.258375,0.5,-0.000403,0.005517
2016-08-08,Call,0.100649,0.5,0.0006,0.001383
2016-08-08,Put,0.259146,0.5,-0.000593,0.005776
2016-08-09,Call,0.078011,0.5,0.000507,0.001096
2016-08-09,Put,0.266994,0.5,-0.000693,0.005981
2016-08-10,Call,0.089287,0.5,0.000538,0.001178
2016-08-10,Put,0.256166,0.5,-0.001033,0.006452
2016-08-11,Call,0.079023,0.5,0.000497,0.001073
2016-08-11,Put,0.21075,0.5,0.231465,2.74252
2016-08-12,Call,0.055919,0.5,0.000244,0.001
2016-08-12,Put,0.246623,0.5,0.099841,2.065321
2016-08-15,Call,0.083725,0.5,0.000244,0.001
2016-08-15,Put,0.378006,0.5,-0.000182,0.006284
2016-08-16,Call,0.244497,0.5,4e-05,0.005489
2016-08-16,Put,0.261576,0.5,-0.382531,1.727164
2016-08-17,Call,0.383757,0.5,-0.000209,0.005059
2016-08-17,Put,0.224434,0.5,-0.999,1.872182
2016-08-18,Call,0.213292,0.5,0.043939,3.374459
2016-08-18,Put,0.19592,0.5,0.09837,2.794529
2016-08-19,Call,0.109255,0.5,0.000284,0.001
2016-08-19,Put,0.225642,0.5,0.354616,3.169409
2016-08-22,Call,0.1591,0.5,0.00041,0.001739
2016-08-22,Put,0.310498,0.5,-0.000148,0.005495
2016-08-23,Call,0.109275,0.5,0.000341,0.001036
2016-08-23,Put,0.311434,0.5,-0.000153,0.005559
2016-08-24,Call,0.114597,0.5,0.000349,0.001091
2016-08-24,Put,0.310225,0.5,-0.000149,0.005363
2016-08-25,Call,0.146818,0.5,0.00065,0.001218
2016-08-25,Put,0.215822,0.5,0.237694,3.061894
2016-08-26,Call,0.154249,0.5,0.000748,0.001417
2016-08-26,Put,0.215409,0.5,0.221809,3.051863
2016-08-29,Call,0.148014,0.5,0.000711,0.001351
2016-08-29,Put,0.218172,0.5,0.270746,3.426278
2016-08-30,Call,0.133983,0.5,0.000654,0.001203
2016-08-30,Put,0.231327,0.5,0.380993,3.700947
2016-08-31,Call,0.150639,0.5,0.000663,0.001195
2016-08-31,Put,0.228081,0.5,0.342631,3.626713
2016-09-01,Call,0.183602,0.5,0.0008,0.001607
2016-09-01,Put,0.310059,0.5,-0.000758,0.005864
2016-09-02,Call,0.137998,0.5,0.000413,0.001321
2016-09-02,Put,0.324084,0.5,-0.000488,0.00553
2016-09-05,Call,0.202141,0.5,0.000456,0.003565
2016-09-05,Put,0.224595,0.5,0.301815,3.737877
2016-09-06,Call,0.175533,0.5,0.000709,0.001333
2016-09-06,Put,0.219174,0.5,0.316542,4.004136
2016-09-07,Call,0.168856,0.5,0.000698,0.001291
2016-09-07,Put,0.219381,0.5,0.297003,4.150206
2016-09-08,Call,0.168152,0.5,0.000713,0.001323
2016-09-08,Put,0.211033,0.5,0.270459,4.254256
2016-09-09,Call,0.171306,0.5,-0.491193,6.652922
2016-09-09,Put,0.217875,0.5,-0.999,2.114264
2016-09-12,Call,0.138124,0.5,0.000477,0.001651
2016-09-12,Put,0.349018,0.5,-0.000137,0.004658
2016-09-13,Call,0.167982,0.5,0.000295,0.003161
2016-09-13,Put,0.326229,0.5,-0.000173,0.00484
2016-09-14,Call,0.159049,0.5,0.000901,0.001878
2016-09-14,Put,0.314462,0.5,-0.000142,0.004784
2016-09-19,Call,0.12966,0.5,0.000476,0.001672
2016-09-19,Put,0.36286,0.5,-0.000246,0.004816
2016-09-20,Call,0.129712,0.5,0.000482,0.001706
2016-09-20,Put,0.388792,0.5,-1.7e-05,0.004897
2016-09-21,Call,0.175133,0.5,0.000466,0.00171
2016-09-21,Put,0.396431,0.5,-0.000381,0.0054
2016-09-22,Call,0.159402,0.5,2.4e-05,0.001237
2016-09-22,Put,0.23592,0.5,2e-06,0.001289
2016-09-23,Call,0.156222,0.5,2.5e-05,0.001257
2016-09-23,Put,0.233566,0.5,3e-06,0.001299
2016-09-26,Call,0.195314,0.5,1.5e-05,0.001378
2016-09-26,Put,0.235791,0.5,5e-06,0.001403
2016-09-27,Call,0.162188,0.5,3.3e-05,0.001382
2016-09-27,Put,0.230302,0.5,1.7e-05,0.001415
2016-09-28,Call,0.168084,0.5,3.4e-05,0.001409
2016-09-28,Put,0.230794,0.5,1.7e-05,0.001438
2016-09-29,Call,0.151979,0.5,0.000213,0.001574
2016-09-29,Put,0.204881,0.5,0.000134,0.001689
2016-09-30,Call,0.16368,0.5,3.4e-05,0.001595
2016-09-30,Put,0.223714,0.5,0.000179,0.001685
2016-10-10,Call,0.144189,0.5,0.000235,0.001384
2016-10-10,Put,0.23901,0.5,0.000113,0.001637
2016-10-11,Call,0.118173,0.5,0.000146,0.001327
2016-10-11,Put,0.234309,0.5,0.000112,0.001671
2016-10-12,Call,0.122574,0.5,0.00025,0.001407
2016-10-12,Put,0.236659,0.5,0.000142,0.001617
2016-10-13,Call,0.111705,0.5,0.000245,0.001416
2016-10-13,Put,0.235307,0.5,7.8e-05,0.001681
2016-10-14,Call,0.103669,0.5,0.000249,0.001371
2016-10-14,Put,0.234022,0.5,5.1e-05,0.001651
2016-10-17,Call,0.109192,0.5,0.000158,0.001497
2016-10-17,Put,0.253317,0.5,1.6e-05,0.00162
2016-10-18,Call,0.101966,0.5,0.000138,0.001214
2016-10-18,Put,0.252757,0.5,2.3e-05,0.001649
2016-10-19,Call,0.092915,0.5,0.000167,0.001364
2016-10-19,Put,0.26448,0.5,9e-06,0.001647
2016-10-20,Call,0.110459,0.5,0.000103,0.00121
2016-10-20,Put,0.213432,0.5,4.7e-05,0.001422
2016-10-21,Call,0.085265,0.5,0.000105,0.001123
2016-10-21,Put,0.225289,0.5,3e-06,0.001447
2016-10-24,Call,0.086417,0.5,0.000101,0.001035
2016-10-24,Put,0.234511,0.5,-1e-05,0.001613
2016-10-25,Call,0.099451,0.5,9.4e-05,0.001041
2016-10-25,Put,0.229045,0.5,-1e-05,0.001597
2016-10-26,Call,0.103097,0.5,9.3e-05,0.001048
2016-10-26,Put,0.231296,0.5,-4e-06,0.001539
2016-10-27,Call,0.060852,0.5,0.00022,0.001
2016-10-27,Put,0.279975,0.5,0.000124,0.003488
2016-10-28,Call,0.059941,0.5,0.000221,0.001
2016-10-28,Put,0.2816,0.5,0.000115,0.003472
2016-10-31,Call,0.058302,0.5,0.00022,0.001
2016-10-31,Put,0.286207,0.5,0.000101,0.003371
2016-11-01,Call,0.057588,0.5,0.000208,0.001
2016-11-01,Put,0.286292,0.5,8.8e-05,0.003653
2016-11-02,Call,0.072368,0.5,0.000345,0.001
2016-11-02,Put,0.287538,0.5,8e-05,0.003172
2016-11-03,Call,0.049226,0.5,0.00019,0.001
2016-11-03,Put,0.312667,0.5,0.000165,0.003482
2016-11-04,Call,0.060671,0.5,0.000239,0.001
2016-11-04,Put,0.313378,0.5,0.000165,0.003513
2016-11-07,Call,0.066992,0.5,0.000232,0.001
2016-11-07,Put,0.333464,0.5,0.000233,0.003336
2016-11-08,Call,0.074983,0.5,0.000237,0.001
2016-11-08,Put,0.32282,0.5,8.5e-05,0.003732
2016-11-09,Call,0.065155,0.5,0.000248,0.001044
2016-11-09,Put,0.332497,0.5,0.000197,0.003252
2016-11-10,Call,0.053478,0.5,0.000216,0.001
2016-11-10,Put,0.300926,0.5,-9.5e-05,0.004274
2016-11-11,Call,0.074857,0.5,0.000228,0.001156
2016-11-11,Put,0.299137,0.5,-0.00033,0.004903
2016-11-14,Call,0.035475,0.5,0.000183,0.001
2016-11-14,Put,0.338625,0.5,-0.000177,0.004503
2016-11-15,Call,0.042685,0.5,0.000195,0.001
2016-11-15,Put,0.326798,0.5,-0.000324,0.004565
2016-11-16,Call,0.150454,0.5,0.000113,0.001712
2016-11-16,Put,0.313093,0.5,-8.2e-05,0.004423
2016-11-17,Call,0.012505,0.5,0.000131,0.001
2016-11-17,Put,0.339769,0.5,-2.6e-05,0.00495
2016-11-18,Call,0.013943,0.5,0.000141,0.001
2016-11-18,Put,0.339655,0.5,-2.8e-05,0.004839
2016-11-21,Call,0.006706,0.5,5.6e-05,0.001
2016-11-21,Put,0.348314,0.5,-5.8e-05,0.005825
2016-11-22,Call,0.011557,0.5,0.000152,0.001
2016-11-22,Put,0.371279,0.5,-0.000387,0.020414
2016-11-23,Call,0.007511,0.5,6.1e-05,0.001
2016-11-23,Put,0.426812,0.5,0.799038,4.374978
2016-11-24,Call,0.010476,0.5,6.9e-05,0.001
2016-11-24,Put,0.36979,0.5,-6.4e-05,0.005185
2016-11-25,Call,0.018054,0.5,0.0,0.001
2016-11-25,Put,0.367774,0.5,-5.4e-05,0.005455
2016-11-28,Call,0.017893,0.5,0.000175,0.001
2016-11-28,Put,0.398132,0.5,-0.000102,0.006136
2016-11-29,Call,0.110122,0.5,0.054581,0.052807
2016-11-29,Put,0.017773,0.5,-0.000588,0.002893
2016-11-30,Call,0.21334,0.5,0.001339,0.002371
2016-11-30,Put,0.219868,0.5,0.245065,3.538845
2016-12-01,Call,0.158085,0.5,0.000682,0.001289
2016-12-01,Put,0.227862,0.5,0.31723,3.737434
2016-12-02,Call,0.168143,0.5,0.000716,0.00143
2016-12-02,Put,0.22183,0.5,0.222207,3.564759
2016-12-05,Call,0.174275,0.5,0.000831,0.001745
2016-12-05,Put,0.229243,0.5,0.252112,3.661319
2016-12-06,Call,0.199828,0.5,0.001352,0.002447
2016-12-06,Put,0.207905,0.5,0.159488,3.576922
2016-12-07,Call,0.15763,0.5,0.000854,0.001872
2016-12-07,Put,0.205415,0.5,0.242269,3.92895
2016-12-08,Call,0.117406,0.5,0.000805,0.001747
2016-12-08,Put,0.208548,0.5,0.347561,4.078694
2016-12-09,Call,0.100234,0.5,0.000616,0.001187
2016-12-09,Put,0.213735,0.5,0.387017,4.42474
2016-12-12,Call,0.174275,0.5,0.000822,0.001932
2016-12-12,Put,0.209455,0.5,0.168967,4.167536
2016-12-13,Call,0.174654,0.5,-0.340304,5.439043
2016-12-13,Put,0.196804,0.5,-0.239025,3.605223
2016-12-14,Call,0.22021,0.5,0.001035,0.003242
2016-12-14,Put,0.206824,0.5,0.035878,4.18532
2016-12-15,Call,0.228282,0.5,0.001274,0.002885
2016-12-15,Put,0.335628,0.5,-0.000537,0.005205
2016-12-16,Call,0.257712,0.5,5.6e-05,0.005117
2016-12-16,Put,0.29291,0.5,-0.000641,0.005953
2016-12-19,Call,0.201992,0.5,0.001539,0.003637
2016-12-19,Put,0.386471,0.5,-0.0,0.004122
2016-12-20,Call,0.213572,0.5,0.001645,0.00389
2016-12-20,Put,0.467136,0.5,8.9e-05,0.003526
2016-12-21,Call,0.336074,0.5,-9.6e-05,0.004162
2016-12-21,Put,0.290375,0.5,-0.000184,0.004663
2016-12-22,Call,0.261867,0.5,0.00035,0.002145
2016-12-22,Put,0.322552,0.5,3.3e-05,0.001937
2016-12-23,Call,0.24491,0.5,0.000224,0.002353
2016-12-23,Put,0.375229,0.5,5e-05,0.002259
2016-12-26,Call,0.250306,0.5,0.000192,0.002055
2016-12-26,Put,0.345182,0.5,1e-05,0.001924
2016-12-27,Call,0.27414,0.5,0.000193,0.002075
2016-12-27,Put,0.345269,0.5,1.1e-05,0.002008
2016-12-28,Call,0.279501,0.5,0.000202,0.00218
2016-12-28,Put,0.349042,0.5,1.3e-05,0.002139
2016-12-29,Call,0.271498,0.5,0.000413,0.00245
2016-12-29,Put,0.293969,0.5,0.00039,0.002287
2016-12-30,Call,0.258735,0.5,0.000402,0.002407
2016-12-30,Put,0.315581,0.5,0.000226,0.002062
2017-01-03,Call,0.246355,0.5,0.000343,0.002256
2017-01-03,Put,0.275521,0.5,0.000296,0.00209
2017-01-04,Call,0.195691,0.5,4.1e-05,0.00213
2017-01-04,Put,0.287041,0.5,0.000179,0.001895
2017-01-05,Call,0.190984,0.5,3.7e-05,0.002305
2017-01-05,Put,0.284056,0.5,0.000362,0.002033
2017-01-06,Call,0.196985,0.5,3.3e-05,0.002508
2017-01-06,Put,0.276962,0.5,0.000337,0.002157
2017-01-09,Call,0.192828,0.5,4.5e-05,0.002353
2017-01-09,Put,0.268428,0.5,0.000351,0.002137
2017-01-10,Call,0.189607,0.5,0.000472,0.002619
2017-01-10,Put,0.274678,0.5,0.000214,0.00211
2017-01-11,Call,0.205987,0.5,4.4e-05,0.002569
2017-01-11,Put,0.261984,0.5,0.000441,0.002386
2017-01-12,Call,0.20294,0.5,5e-05,0.002766
2017-01-12,Put,0.285599,0.5,0.000237,0.002231
2017-01-13,Call,0.168645,0.5,0.000533,0.002709
2017-01-13,Put,0.306638,0.5,6e-05,0.001946
2017-01-16,Call,0.143574,0.5,0.000265,0.002065
2017-01-16,Put,0.361448,0.5,4.8e-05,0.001715
2017-01-17,Call,0.188986,0.5,0.000426,0.002244
2017-01-17,Put,0.216745,0.5,-0.0,0.002001
2017-01-18,Call,0.162635,0.5,0.000417,0.002025
2017-01-18,Put,0.259735,0.5,2.9e-05,0.00194
2017-01-19,Call,0.139398,0.5,1.5e-05,0.001179
2017-01-19,Put,0.197002,0.5,1e-06,0.001253
2017-01-20,Call,0.137389,0.5,1e-05,0.001164
2017-01-20,Put,0.186049,0.5,-2e-06,0.001273
2017-01-23,Call,0.130906,0.5,1.9e-05,0.001173
2017-01-23,Put,0.189257,0.5,-2e-06,0.001257
2017-01-24,Call,0.102168,0.5,6.1e-05,0.001093
2017-01-24,Put,0.190024,0.5,8e-06,0.001309
2017-01-25,Call,0.174024,0.5,-0.0001,0.001338
2017-01-25,Put,0.175108,0.5,-5.6e-05,0.00135
2017-01-26,Call,0.195347,0.5,-0.000255,0.004525
2017-01-26,Put,0.191039,0.5,-0.000993,0.005495
2017-02-03,Call,0.206861,0.5,-0.000135,0.00388
2017-02-03,Put,0.182873,0.5,-0.000659,0.004597
2017-02-06,Call,0.184206,0.5,0.00036,0.003187
2017-02-06,Put,0.190924,0.5,-0.000575,0.004463
2017-02-07,Call,0.169949,0.5,0.000632,0.002766
2017-02-07,Put,0.190024,0.5,-0.000424,0.004361
2017-02-08,Call,0.122432,0.5,0.000543,0.002147
2017-02-08,Put,0.216921,0.5,9.2e-05,0.003738
2017-02-09,Call,0.154651,0.5,0.000629,0.002292
2017-02-09,Put,0.20891,0.5,-4.2e-05,0.004074
2017-02-10,Call,0.095713,0.5,0.000517,0.001822
2017-02-10,Put,0.226661,0.5,-8e-06,0.003838
2017-02-13,Call,0.078484,0.5,0.000489,0.001626
2017-02-13,Put,0.238254,0.5,-8.6e-05,0.003858
2017-02-14,Call,0.104313,0.5,0.00056,0.001952
2017-02-14,Put,0.215732,0.5,-9e-06,0.004149
2017-02-15,Call,0.097471,0.5,0.000574,0.001966
2017-02-15,Put,0.21878,0.5,-7e-06,0.003982
2017-02-16,Call,0.093418,0.5,0.000483,0.001681
2017-02-16,Put,0.214404,0.5,-0.000233,0.003949
2017-02-17,Call,0.098019,0.5,0.000509,0.001811
2017-02-17,Put,0.216795,0.5,-0.000148,0.003716
2017-02-20,Call,0.084025,0.5,0.000419,0.001286
2017-02-20,Put,0.241855,0.5,-0.000383,0.003847
2017-02-21,Call,0.086491,0.5,0.000398,0.001299
2017-02-21,Put,0.242879,0.5,-0.00046,0.003813
2017-02-22,Call,0.081103,0.5,0.000402,0.001283
2017-02-22,Put,0.245228,0.5,-0.000381,0.003823
2017-02-23,Call,0.09337,0.5,0.000481,0.001642
2017-02-23,Put,0.224235,0.5,-0.000265,0.004314
2017-02-24,Call,0.111768,0.5,0.000486,0.00172
2017-02-24,Put,0.217626,0.5,-3.2e-05,0.004224
2017-02-27,Call,0.118348,0.5,0.000545,0.001934
2017-02-27,Put,0.234602,0.5,-0.000283,0.003887
2017-02-28,Call,0.111452,0.5,0.000553,0.001951
2017-02-28,Put,0.225983,0.5,-6e-06,0.003695
2017-03-01,Call,0.113485,0.5,0.00055,0.001953
2017-03-01,Put,0.227237,0.5,-0.000206,0.004052
2017-03-02,Call,0.114054,0.5,0.000643,0.002283
2017-03-02,Put,0.238489,0.5,-7e-06,0.003665
2017-03-03,Call,0.116744,0.5,0.00069,0.002485
2017-03-03,Put,0.246319,0.5,0.000104,0.003337
2017-03-06,Call,0.115014,0.5,0.000647,0.002366
2017-03-06,Put,0.251027,0.5,0.000178,0.003437
2017-03-07,Call,0.114986,0.5,0.000642,0.002281
2017-03-07,Put,0.255774,0.5,2.7e-05,0.003337
2017-03-08,Call,0.099423,0.5,0.00065,0.002283
2017-03-08,Put,0.245428,0.5,1.6e-05,0.00337
2017-03-09,Call,0.103252,0.5,0.000708,0.002545
2017-03-09,Put,0.276723,0.5,3e-05,0.002766
2017-03-10,Call,0.119144,0.5,0.000752,0.002695
2017-03-10,Put,0.247939,0.5,9e-06,0.003221
2017-03-13,Call,0.102673,0.5,0.000609,0.002116
2017-03-13,Put,0.285827,0.5,-1e-06,0.002811
2017-03-14,Call,0.111947,0.5,0.000633,0.002187
2017-03-14,Put,0.283464,0.5,-1.5e-05,0.002892
2017-03-15,Call,0.119339,0.5,0.000594,0.002017
2017-03-15,Put,0.31362,0.5,3e-06,0.002584
2017-03-16,Call,0.107726,0.5,7.1e-05,0.001279
2017-03-16,Put,0.185889,0.5,5.2e-05,0.001261
2017-03-17,Call,0.110872,0.5,2.4e-05,0.00142
2017-03-17,Put,0.200718,0.5,1.2e-05,0.001291
2017-03-20,Call,0.112807,0.5,2.4e-05,0.001383
2017-03-20,Put,0.196892,0.5,7e-06,0.001271
2017-03-21,Call,0.094751,0.5,8.6e-05,0.001338
2017-03-21,Put,0.196485,0.5,1.3e-05,0.00127
2017-03-22,Call,0.122106,0.5,2.2e-05,0.001414
2017-03-22,Put,0.187588,0.5,1.4e-05,0.001329
2017-03-23,Call,0.09893,0.5,0.000194,0.001777
2017-03-23,Put,0.180484,0.5,0.000127,0.001512
2017-03-24,Call,0.097685,0.5,0.000166,0.001535
2017-03-24,Put,0.159923,0.5,4.8e-05,0.001566
2017-03-27,Call,0.111799,0.5,0.000158,0.001495
2017-03-27,Put,0.169549,0.5,4.3e-05,0.001537
2017-03-28,Call,0.130694,0.5,0.000172,0.001562
2017-03-28,Put,0.16901,0.5,7.3e-05,0.001528
2017-03-29,Call,0.107452,0.5,0.000191,0.001588
2017-03-29,Put,0.177449,0.5,0.000109,0.00146
2017-03-30,Call,0.14897,0.5,7e-06,0.001669
2017-03-30,Put,0.156796,0.5,4.2e-05,0.001639
2017-03-31,Call,0.108074,0.5,0.000171,0.00156
2017-03-31,Put,0.16706,0.5,0.000135,0.001567
2017-04-05,Call,0.089209,0.5,0.000166,0.001286
2017-04-05,Put,0.178334,0.5,7.2e-05,0.001499
2017-04-06,Call,0.086634,0.5,0.000201,0.001452
2017-04-06,Put,0.188104,0.5,0.000119,0.001556
2017-04-07,Call,0.082323,0.5,0.000204,0.001468
2017-04-07,Put,0.193902,0.5,0.000126,0.001521
2017-04-10,Call,0.09195,0.5,0.000204,0.001488
2017-04-10,Put,0.190709,0.5,0.00012,0.001566
2017-04-11,Call,0.091827,0.5,0.0002,0.001471
2017-04-11,Put,0.192601,0.5,0.000124,0.00154
2017-04-12,Call,0.083287,0.5,0.000221,0.001572
2017-04-12,Put,0.226377,0.5,1.5e-05,0.001378
2017-04-13,Call,0.12515,0.5,0.000174,0.001552
2017-04-13,Put,0.176853,0.5,6.3e-05,0.001636
2017-04-14,Call,0.138049,0.5,0.000193,0.001637
2017-04-14,Put,0.186846,0.5,0.000114,0.001656
2017-04-17,Call,0.121016,0.5,0.000208,0.001608
2017-04-17,Put,0.209303,0.5,4.8e-05,0.001516
2017-04-18,Call,0.193592,0.5,1.1e-05,0.001581
2017-04-18,Put,0.121297,0.5,-9.7e-05,0.001573
2017-04-19,Call,0.161787,0.5,0.000133,0.001693
2017-04-19,Put,0.247404,0.5,3.9e-05,0.001543
2017-04-20,Call,0.100388,0.5,0.000117,0.001509
2017-04-20,Put,0.199346,0.5,2e-05,0.001403
2017-04-21,Call,0.087243,0.5,0.000203,0.00154
2017-04-21,Put,0.19672,0.5,2e-05,0.001388
2017-04-24,Call,0.101349,0.5,0.00012,0.001493
2017-04-24,Put,0.196352,0.5,1.9e-05,0.001402
2017-04-25,Call,0.081618,0.5,0.000122,0.001453
2017-04-25,Put,0.20181,0.5,1.8e-05,0.001387
2017-04-26,Call,0.092723,0.5,0.00012,0.001515
2017-04-26,Put,0.180725,0.5,6.2e-05,0.001445
2017-04-27,Call,0.079192,0.5,0.000209,0.001174
2017-04-27,Put,0.18554,0.5,0.000623,0.003304
2017-04-28,Call,0.085571,0.5,0.000207,0.001191
2017-04-28,Put,0.18042,0.5,0.000652,0.003443
2017-05-02,Call,0.09855,0.5,0.000643,0.003404
2017-05-02,Put,0.167276,0.5,0.000858,0.003965
2017-05-03,Call,0.09538,0.5,0.000727,0.003619
2017-05-03,Put,0.172841,0.5,0.000707,0.003795
2017-05-04,Call,0.096703,0.5,0.00078,0.003848
2017-05-04,Put,0.182424,0.5,0.000811,0.003694
2017-05-05,Call,0.099792,0.5,0.000827,0.004056
2017-05-05,Put,0.195451,0.5,0.000871,0.003589
2017-05-08,Call,0.101884,0.5,0.000788,0.00378
2017-05-08,Put,0.194262,0.5,0.000801,0.003504
2017-05-09,Call,0.108413,0.5,0.000767,0.003829
2017-05-09,Put,0.175996,0.5,0.000814,0.003915
2017-05-10,Call,0.09501,0.5,0.000792,0.003888
2017-05-10,Put,0.172451,0.5,0.00078,0.00394
2017-05-11,Call,0.080415,0.5,0.000705,0.003302
2017-05-11,Put,0.194777,0.5,0.000685,0.003212
2017-05-12,Call,0.059078,0.5,0.000557,0.002489
2017-05-12,Put,0.210379,0.5,3.5e-05,0.002636
2017-05-15,Call,0.058725,0.5,0.000509,0.002238
2017-05-15,Put,0.215561,0.5,2.4e-05,0.002618
2017-05-16,Call,0.059249,0.5,0.000488,0.00211
2017-05-16,Put,0.218804,0.5,2.6e-05,0.002576
2017-05-17,Call,0.077437,0.5,0.000579,0.002558
2017-05-17,Put,0.178311,0.5,4e-05,0.003122
2017-05-18,Call,0.073024,0.5,0.000517,0.002549
2017-05-18,Put,0.169655,0.5,0.00019,0.002743
2017-05-19,Call,0.071196,0.5,0.000504,0.002456
2017-05-19,Put,0.185164,0.5,1.4e-05,0.002468
2017-05-22,Call,0.058667,0.5,0.000447,0.002146
2017-05-22,Put,0.198514,0.5,2.5e-05,0.002319
2017-05-23,Call,0.047821,0.5,0.000352,0.001561
2017-05-23,Put,0.217973,0.5,0.000111,0.002329
2017-05-24,Call,0.051118,0.5,0.000356,0.00158
2017-05-24,Put,0.211507,0.5,0.00023,0.002463
2017-05-25,Call,0.047768,0.5,0.000158,0.001
2017-05-25,Put,0.238097,0.5,-0.000238,0.003851
2017-05-26,Call,0.050724,0.5,0.000277,0.001
2017-05-26,Put,0.216314,0.5,-0.000466,0.004439
2017-05-31,Call,0.064612,0.5,0.00028,0.001
2017-05-31,Put,0.237778,0.5,-0.000602,0.004321
2017-06-01,Call,0.065965,0.5,0.000349,0.001044
2017-06-01,Put,0.247801,0.5,-0.000695,0.004719
2017-06-02,Call,0.087061,0.5,0.000417,0.00135
2017-06-02,Put,0.242136,0.5,-0.000451,0.004252
2017-06-05,Call,0.102287,0.5,0.000503,0.001782
2017-06-05,Put,0.230977,0.5,-0.000294,0.003864
2017-06-06,Call,0.085577,0.5,0.000449,0.001501
2017-06-06,Put,0.242703,0.5,-0.000332,0.00394
2017-06-07,Call,0.094391,0.5,0.000395,0.001235
2017-06-07,Put,0.270315,0.5,-0.000528,0.003995
2017-06-08,Call,0.117409,0.5,0.000369,0.001252
2017-06-08,Put,0.276712,0.5,-0.000822,0.004434
2017-06-09,Call,0.099761,0.5,0.000357,0.001055
2017-06-09,Put,0.302783,0.5,-0.000864,0.004441
2017-06-12,Call,0.078228,0.5,0.000322,0.001
2017-06-12,Put,0.326112,0.5,-0.000387,0.003807
2017-06-13,Call,0.095826,0.5,0.000343,0.001
2017-06-13,Put,0.31075,0.5,-0.000429,0.003948
2017-06-14,Call,0.175423,0.5,0.000258,0.002367
2017-06-14,Put,0.282631,0.5,-0.000387,0.00375
2017-06-15,Call,0.154198,0.5,0.000418,0.00166
2017-06-15,Put,0.270636,0.5,-0.000382,0.003608
2017-06-16,Call,0.101234,0.5,0.000438,0.001416
2017-06-16,Put,0.275637,0.5,-0.000282,0.003443
2017-06-19,Call,0.084809,0.5,0.000347,0.001004
2017-06-19,Put,0.319792,0.5,-8.2e-05,0.003412
2017-06-20,Call,0.137465,0.5,0.000403,0.001358
2017-06-20,Put,0.306673,0.5,-8.1e-05,0.003327
2017-06-21,Call,0.060345,0.5,0.000207,0.001
2017-06-21,Put,0.336704,0.5,-0.000112,0.003475
2017-06-22,Call,0.127952,0.5,8.4e-05,0.001085
2017-06-22,Put,0.239665,0.5,-7e-06,0.001532
2017-06-23,Call,0.099638,0.5,9e-05,0.001007
2017-06-23,Put,0.258147,0.5,-2.2e-05,0.001706
2017-06-26,Call,0.123502,0.5,0.000113,0.001038
2017-06-26,Put,0.274502,0.5,4.1e-05,0.001776
2017-06-27,Call,0.104813,0.5,0.000104,0.001
2017-06-27,Put,0.267233,0.5,-7e-06,0.0018
2017-06-28,Call,0.123964,0.5,0.00011,0.001058
2017-06-28,Put,0.268455,0.5,-2e-06,0.001701
2017-06-29,Call,0.154603,0.5,0.00012,0.001201
2017-06-29,Put,0.256421,0.5,-1.8e-05,0.00179
2017-06-30,Call,0.152122,0.5,0.000122,0.001195
2017-06-30,Put,0.256922,0.5,-7e-06,0.001719
2017-07-03,Call,0.150553,0.5,0.00013,0.001233
2017-07-03,Put,0.255863,0.5,3.6e-05,0.001677
2017-07-04,Call,0.150498,0.5,0.000221,0.0013
2017-07-04,Put,0.238201,0.5,4.9e-05,0.001685
2017-07-05,Call,0.124998,0.5,0.000132,0.00113
2017-07-05,Put,0.262781,0.5,-1.2e-05,0.001847
2017-07-06,Call,0.133603,0.5,0.000226,0.001149
2017-07-06,Put,0.251284,0.5,-7.7e-05,0.001967
2017-07-07,Call,0.11699,0.5,0.000132,0.001088
2017-07-07,Put,0.256276,0.5,-1.4e-05,0.001851
2017-07-10,Call,0.09954,0.5,0.000131,0.001047
2017-07-10,Put,0.270522,0.5,-5.5e-05,0.001937
2017-07-11,Call,0.102516,0.5,0.000261,0.001091
2017-07-11,Put,0.273911,0.5,-0.000138,0.002327
2017-07-12,Call,0.11549,0.5,0.000171,0.001144
2017-07-12,Put,0.291239,0.5,-8.8e-05,0.002131
2017-07-13,Call,0.089538,0.5,0.000145,0.001
2017-07-13,Put,0.308588,0.5,-3.7e-05,0.002497
2017-07-14,Call,0.098924,0.5,0.000189,0.001046
2017-07-14,Put,0.33342,0.5,-5e-05,0.002839
2017-07-17,Call,0.324907,0.5,-0.999,4.845033
2017-07-17,Put,0.362101,0.5,-1.7e-05,0.003033
2017-07-18,Call,0.156246,0.5,0.00019,0.001294
2017-07-18,Put,0.349351,0.5,-6.6e-05,0.002843
2017-07-19,Call,0.10692,0.5,0.000172,0.001
2017-07-19,Put,0.380031,0.5,-0.000141,0.003873
2017-07-20,Call,0.175241,0.5,0.000122,0.001107
2017-07-20,Put,0.312024,0.5,1.4e-05,0.00541
2017-07-21,Call,0.266052,0.5,-7e-06,0.001792
2017-07-21,Put,0.276098,0.5,-1e-05,0.001878
2017-07-24,Call,0.312528,0.5,-0.000697,0.005666
2017-07-24,Put,0.267971,0.5,-9e-06,0.002016
2017-07-25,Call,0.255409,0.5,-9e-06,0.001831
2017-07-25,Put,0.268363,0.5,-8e-06,0.001897
2017-07-26,Call,0.256117,0.5,9.1e-05,0.001707
2017-07-26,Put,0.271553,0.5,-7e-06,0.001842
2017-07-27,Call,0.218259,0.5,9e-05,0.00289
2017-07-27,Put,0.28052,0.5,-0.00081,0.005505
2017-07-28,Call,0.202109,0.5,9.6e-05,0.002593
2017-07-28,Put,0.274857,0.5,-0.000811,0.005763
2017-07-31,Call,0.286891,0.5,-0.000644,0.005011
2017-07-31,Put,0.273439,0.5,-0.000973,0.005944
2017-08-01,Call,0.316483,0.5,-0.000781,0.005738
2017-08-01,Put,0.245696,0.5,0.222408,1.999981
2017-08-02,Call,0.350274,0.5,-0.000193,0.005264
2017-08-02,Put,0.239165,0.5,0.056574,1.81328
2017-08-03,Call,0.33409,0.5,-0.000168,0.004735
2017-08-03,Put,0.217996,0.5,-0.166385,1.691182
2017-08-04,Call,0.226821,0.5,-0.165151,2.873229
2017-08-04,Put,0.21524,0.5,-0.177748,1.727223
2017-08-07,Call,0.218808,0.5,7.9e-05,0.00319
2017-08-07,Put,0.279447,0.5,-0.001256,0.006116
2017-08-08,Call,0.258112,0.5,2.4e-05,0.003777
2017-08-08,Put,0.225074,0.5,-0.172099,1.856498
2017-08-09,Call,0.22523,0.5,5.1e-05,0.004129
2017-08-09,Put,0.253237,0.5,-0.0008,0.005726
2017-08-10,Call,0.130205,0.5,0.000719,0.001674
2017-08-10,Put,0.27093,0.5,-0.000701,0.005467
2017-08-11,Call,0.283488,0.5,-0.000324,0.004149
2017-08-11,Put,0.222058,0.5,-0.000113,0.004729
2017-08-14,Call,0.137611,0.5,0.00078,0.001863
2017-08-14,Put,0.290561,0.5,-3.8e-05,0.004242
2017-08-15,Call,0.193519,0.5,0.000296,0.002131
2017-08-15,Put,0.25205,0.5,-0.000116,0.004791
2017-08-16,Call,0.141563,0.5,0.000741,0.001777
2017-08-16,Put,0.291681,0.5,-0.00011,0.004219
2017-08-17,Call,0.115755,0.5,0.000326,0.001294
2017-08-17,Put,0.267171,0.5,-8.6e-05,0.004088
2017-08-18,Call,0.174585,0.5,8.2e-05,0.002461
2017-08-18,Put,0.262029,0.5,-0.000113,0.004345
2017-08-21,Call,0.126896,0.5,0.000328,0.001479
2017-08-21,Put,0.261388,0.5,-0.000119,0.004348
2017-08-22,Call,0.0727,0.5,0.000268,0.001
2017-08-22,Put,0.277224,0.5,-0.000146,0.004669
2017-08-23,Call,0.094434,0.5,0.000273,0.001008
2017-08-23,Put,0.285016,0.5,-0.000198,0.005027
2017-08-24,Call,0.107077,0.5,0.000462,0.001
2017-08-24,Put,0.171363,0.5,0.192262,3.336472
2017-08-25,Call,0.19901,0.5,0.318728,3.115139
2017-08-25,Put,0.189771,0.5,0.313272,3.565343
2017-08-28,Call,0.172597,0.5,0.000409,0.003587
2017-08-28,Put,0.207036,0.5,0.375737,3.842492
2017-08-29,Call,0.183435,0.5,0.131379,4.321874
2017-08-29,Put,0.190301,0.5,0.14729,3.540073
2017-08-30,Call,0.192751,0.5,0.158527,3.802612
2017-08-30,Put,0.186354,0.5,0.143146,3.611777
2017-08-31,Call,0.167538,0.5,-0.12393,5.285496
2017-08-31,Put,0.171085,0.5,-0.034541,3.486099
2017-09-01,Call,0.166615,0.5,-0.180478,5.512763
2017-09-01,Put,0.161691,0.5,-0.065367,3.667562
2017-09-04,Call,0.19036,0.5,0.054837,4.614367
2017-09-04,Put,0.182585,0.5,0.095306,3.960564
2017-09-05,Call,0.327824,0.5,-0.000257,0.005644
2017-09-05,Put,0.184448,0.5,0.124792,4.199867
2017-09-06,Call,0.179367,0.5,-0.086957,5.378818
2017-09-06,Put,0.179623,0.5,-0.0048,4.129771
2017-09-07,Call,0.222858,0.5,6e-05,0.00397
2017-09-07,Put,0.180717,0.5,-0.019034,4.143849
2017-09-08,Call,0.174343,0.5,-0.089941,4.947157
2017-09-08,Put,0.167129,0.5,-0.083541,4.288159
2017-09-11,Call,0.186472,0.5,-0.258881,5.683979
2017-09-11,Put,0.180221,0.5,-0.215568,4.33462
2017-09-12,Call,0.184224,0.5,-0.064456,5.498337
2017-09-12,Put,0.165088,0.5,-0.139293,4.977024
2017-09-13,Call,0.19256,0.5,-0.541156,7.398426
2017-09-13,Put,0.169279,0.5,-0.54511,4.568041
2017-09-14,Call,0.155381,0.5,-0.513396,7.308454
2017-09-14,Put,0.16781,0.5,-0.759934,4.671821
2017-09-15,Call,0.245458,0.5,-3.4e-05,0.003676
2017-09-15,Put,0.148787,0.5,-0.58895,5.361037
2017-09-18,Call,0.040831,0.5,-0.819299,19.459853
2017-09-18,Put,0.136219,0.5,-0.86664,6.921615
2017-09-19,Call,0.086893,0.5,-0.801519,13.528784
2017-09-19,Put,0.166415,0.5,-0.999,6.600665
2017-09-20,Call,0.069119,0.5,-0.828551,17.251575
2017-09-20,Put,0.166435,0.5,-0.999,6.707698
2017-09-21,Call,0.252555,0.5,-1e-06,0.001366
2017-09-21,Put,0.150226,0.5,-1.4e-05,0.001207
2017-09-22,Call,0.239063,0.5,1e-06,0.001316
2017-09-22,Put,0.179573,0.5,-1.6e-05,0.001304
2017-09-25,Call,0.238077,0.5,3e-06,0.001319
2017-09-25,Put,0.191479,0.5,2.2e-05,0.001283
2017-09-26,Call,0.245819,0.5,-0.0,0.001332
2017-09-26,Put,0.154292,0.5,-1.3e-05,0.001204
2017-09-27,Call,0.230726,0.5,3e-06,0.00134
2017-09-27,Put,0.140922,0.5,-1.4e-05,0.00121
2017-09-28,Call,0.213678,0.5,-1.4e-05,0.001436
2017-09-28,Put,0.127092,0.5,-0.000126,0.001336
2017-09-29,Call,0.232556,0.5,-6e-05,0.001358
2017-09-29,Put,0.12875,0.5,-0.000133,0.001373
2017-10-09,Call,0.239387,0.5,-4.2e-05,0.001424
2017-10-09,Put,0.16505,0.5,-1.7e-05,0.001523
2017-10-10,Call,0.240899,0.5,-2.6e-05,0.001489
2017-10-10,Put,0.161837,0.5,-4e-06,0.001527
2017-10-11,Call,0.227156,0.5,-8.1e-05,0.001461
2017-10-11,Put,0.163368,0.5,-1.8e-05,0.001592
2017-10-12,Call,0.208923,0.5,-0.000106,0.001597
2017-10-12,Put,0.164689,0.5,-1.8e-05,0.001657
2017-10-13,Call,0.23132,0.5,-8e-05,0.001486
2017-10-13,Put,0.148217,0.5,-2.8e-05,0.001663
2017-10-16,Call,0.254105,0.5,-2.4e-05,0.001483
2017-10-16,Put,0.158033,0.5,-3.2e-05,0.001672
2017-10-17,Call,0.234279,0.5,-2.4e-05,0.001547
2017-10-17,Put,0.165272,0.5,-2.7e-05,0.001761
