date,open,close,high,low,volume
2014-01-02,1570.05,1561.1,1570.05,1553.48,15725481.0
2014-01-03,1553.45,1536.07,1554.52,1529.15,21899228.0
2014-01-06,1534.5,1512.93,1534.5,1498.6,24918198.0
2014-01-07,1500.98,1510.65,1515.64,1497.78,15474083.0
2014-01-08,1512.09,1515.33,1527.89,1504.43,17721886.0
2014-01-09,1511.98,1503.88,1525.72,1500.57,16341305.0
2014-01-10,1500.01,1498.27,1506.78,1493.49,16932726.0
2014-01-13,1500.86,1494.61,1510.32,1489.23,17111060.0
2014-01-14,1493.89,1499.29,1505.46,1482.91,17662764.0
2014-01-15,1496.83,1488.51,1498.9,1480.18,14720357.0
2014-01-16,1489.05,1493.09,1504.43,1482.76,17440886.0
2014-01-17,1487.8,1475.67,1489.6,1470.86,18005644.0
2014-01-20,1472.39,1464.84,1476.89,1459.45,12775697.0
2014-01-21,1467.15,1478.88,1488.71,1467.15,12677469.0
2014-01-22,1480.84,1514.12,1514.79,1478.08,24158840.0
2014-01-23,1511.79,1499.03,1514.97,1496.66,17430476.0
2014-01-24,1493.69,1502.06,1514.11,1491.02,18976131.0
2014-01-27,1491.82,1478.86,1491.82,1475.5,19023414.0
2014-01-28,1483.41,1487.8,1492.43,1477.25,14945762.0
2014-01-29,1493.21,1494.49,1498.57,1488.7,14787466.0
2014-01-30,1489.51,1477.34,1489.72,1475.77,12769343.0
2014-02-07,1467.36,1475.34,1475.72,1458.49,13826210.0
2014-02-10,1480.59,1505.83,1507.36,1480.53,24276844.0
2014-02-11,1505.66,1528.32,1536.46,1500.84,34209193.0
2014-02-12,1528.88,1527.0,1537.89,1521.27,23813775.0
2014-02-13,1525.53,1528.02,1548.62,1519.38,35240635.0
2014-02-14,1527.21,1534.24,1536.35,1525.15,21235733.0
2014-02-17,1545.18,1538.1,1549.91,1529.19,26930011.0
2014-02-18,1535.89,1508.54,1535.89,1505.42,25307624.0
2014-02-19,1507.49,1533.4,1541.45,1504.95,31626301.0
2014-02-20,1537.94,1520.14,1556.42,1519.36,36126352.0
2014-02-21,1517.92,1505.33,1521.77,1496.09,24240112.0
2014-02-24,1492.29,1468.06,1492.29,1458.17,28884800.0
2014-02-25,1469.26,1440.89,1475.97,1437.01,26171360.0
2014-02-26,1434.86,1444.2,1447.17,1429.61,23252527.0
2014-02-27,1449.14,1452.46,1462.12,1437.64,32468581.0
2014-02-28,1447.77,1464.32,1467.1,1437.31,25940215.0
2014-03-03,1459.86,1462.69,1467.71,1452.14,29839841.0
2014-03-04,1458.68,1464.28,1468.46,1448.69,26258047.0
2014-03-05,1466.01,1448.33,1466.96,1445.67,20358460.0
2014-03-06,1446.57,1459.51,1466.03,1435.94,25216212.0
2014-03-07,1456.09,1455.58,1472.07,1451.71,23460842.0
2014-03-10,1442.98,1408.87,1442.99,1407.49,25305103.0
2014-03-11,1406.07,1412.73,1420.9,1403.31,18897920.0
2014-03-12,1408.05,1418.7,1429.3,1403.28,22718450.0
2014-03-13,1425.84,1437.39,1451.29,1421.69,26479447.0
2014-03-14,1429.78,1426.4,1438.67,1416.68,19666093.0
2014-03-17,1435.27,1434.16,1438.37,1421.42,14989974.0
2014-03-18,1437.54,1427.63,1438.93,1425.74,18024432.0
2014-03-19,1422.34,1418.71,1422.34,1406.55,16022532.0
2014-03-20,1415.67,1406.92,1432.51,1406.26,20559043.0
2014-03-21,1402.81,1464.08,1468.94,1402.18,43418380.0
2014-03-24,1468.81,1477.53,1486.85,1462.18,41906670.0
2014-03-25,1473.18,1470.12,1483.32,1464.54,25581277.0
2014-03-26,1476.25,1467.08,1480.14,1462.57,19912065.0
2014-03-27,1464.17,1464.53,1486.37,1450.45,25860585.0
2014-03-28,1465.03,1472.05,1483.59,1463.53,26014582.0
2014-03-31,1473.15,1465.78,1477.88,1457.83,19574163.0
2014-04-01,1463.71,1473.14,1481.01,1461.18,16689133.0
2014-04-02,1475.94,1491.3,1492.75,1473.83,23380826.0
2014-04-03,1498.11,1477.49,1504.54,1476.02,25966371.0
2014-04-04,1471.49,1490.33,1491.05,1469.7,15880614.0
2014-04-08,1488.65,1534.75,1543.41,1488.06,43360180.0
2014-04-09,1535.21,1530.88,1539.74,1525.1,24623137.0
2014-04-10,1532.22,1570.4,1587.62,1522.49,48526797.0
2014-04-11,1568.24,1565.31,1576.94,1557.51,37400535.0
2014-04-14,1562.19,1557.7,1568.53,1547.86,21017960.0
2014-04-15,1550.43,1523.22,1550.53,1521.0,24074616.0
2014-04-16,1519.24,1527.05,1536.93,1518.43,19120480.0
2014-04-17,1533.07,1520.56,1534.6,1517.05,16258763.0
2014-04-18,1513.68,1521.28,1524.73,1503.64,19374806.0
2014-04-21,1510.18,1493.76,1526.02,1493.25,18973489.0
2014-04-22,1492.08,1509.55,1510.87,1487.77,20505337.0
2014-04-23,1504.54,1507.89,1514.73,1502.64,17776277.0
2014-04-24,1506.59,1510.29,1523.25,1504.19,15914943.0
2014-04-25,1516.69,1501.05,1522.24,1500.6,24027518.0
2014-04-28,1499.69,1483.78,1505.11,1481.71,19552668.0
2014-04-29,1484.01,1496.01,1497.67,1478.51,18788963.0
2014-04-30,1499.12,1494.81,1500.35,1491.44,18873917.0
2014-05-05,1490.1,1487.53,1493.85,1473.03,19579225.0
2014-05-06,1484.01,1485.25,1497.71,1480.67,17532245.0
2014-05-07,1481.94,1476.18,1485.49,1475.31,15912907.0
2014-05-08,1474.73,1478.72,1499.74,1471.65,17262686.0
2014-05-09,1482.32,1480.74,1486.89,1474.52,15391907.0
2014-05-12,1492.63,1508.39,1513.12,1483.46,28201708.0
2014-05-13,1507.0,1503.52,1510.89,1498.4,20104583.0
2014-05-14,1504.42,1500.82,1510.33,1498.6,15282141.0
2014-05-15,1499.22,1488.77,1503.09,1487.1,16133879.0
2014-05-16,1489.5,1487.73,1493.19,1480.83,13466178.0
2014-05-19,1482.04,1459.21,1482.17,1454.41,15755377.0
2014-05-20,1466.05,1460.82,1468.9,1456.44,12435341.0
2014-05-21,1454.49,1474.14,1474.94,1447.94,11916952.0
2014-05-22,1472.34,1471.55,1493.18,1469.42,15512533.0
2014-05-23,1472.41,1484.38,1484.59,1471.23,11885465.0
2014-05-26,1493.34,1486.05,1495.78,1480.69,12091190.0
2014-05-27,1484.82,1479.73,1488.67,1478.31,12501447.0
2014-05-28,1479.49,1491.76,1493.15,1474.85,15571024.0
2014-05-29,1492.66,1484.31,1497.68,1483.81,14290967.0
2014-05-30,1485.1,1482.1,1490.06,1478.0,13602374.0
2014-06-03,1482.44,1477.52,1491.04,1476.74,13040820.0
2014-06-04,1478.2,1466.39,1478.44,1459.53,13653074.0
2014-06-05,1465.54,1484.24,1484.71,1463.04,12765741.0
2014-06-06,1484.52,1472.27,1484.52,1464.53,12020464.0
2014-06-09,1466.64,1475.35,1489.77,1466.15,13456800.0
2014-06-10,1479.86,1493.53,1493.94,1474.2,18966584.0
2014-06-11,1489.37,1488.76,1493.13,1483.51,12992231.0
2014-06-12,1486.89,1483.86,1490.01,1481.83,14076433.0
2014-06-13,1483.58,1502.96,1509.02,1483.44,21900084.0
2014-06-16,1503.66,1518.7,1521.96,1501.33,24038815.0
2014-06-17,1512.46,1501.94,1512.46,1500.33,16461471.0
2014-06-18,1501.19,1495.43,1504.5,1493.72,15523856.0
2014-06-19,1496.66,1478.04,1500.99,1473.67,16938157.0
2014-06-20,1475.94,1484.48,1485.17,1474.44,13385161.0
2014-06-23,1483.66,1475.76,1489.31,1474.93,13056322.0
2014-06-24,1471.73,1480.13,1481.15,1470.59,12659980.0
2014-06-25,1477.09,1469.95,1477.09,1466.4,11714189.0
2014-06-26,1471.65,1478.01,1480.83,1471.61,13039322.0
2014-06-27,1475.72,1473.76,1480.82,1468.21,16320840.0
2014-06-30,1475.72,1482.41,1486.95,1475.72,16568445.0
2014-07-01,1486.79,1481.66,1488.14,1476.39,15197377.0
2014-07-02,1481.33,1484.84,1486.41,1476.58,16722725.0
2014-07-03,1481.85,1489.55,1492.1,1479.06,17188506.0
2014-07-04,1489.82,1492.46,1495.04,1489.46,15844620.0
2014-07-07,1493.07,1492.84,1497.72,1488.51,15969802.0
2014-07-08,1491.72,1491.96,1493.83,1484.13,13725069.0
2014-07-09,1490.94,1475.14,1491.97,1474.87,18727134.0
2014-07-10,1475.18,1471.17,1478.71,1468.73,16574428.0
2014-07-11,1462.35,1468.54,1474.07,1460.91,18217829.0
2014-07-14,1468.69,1482.78,1482.99,1466.41,19829693.0
2014-07-15,1481.11,1484.66,1487.2,1478.44,21572336.0
2014-07-16,1482.33,1483.18,1490.19,1480.59,24542177.0
2014-07-17,1479.12,1473.67,1479.29,1468.38,16484741.0
2014-07-18,1466.58,1478.76,1486.27,1464.75,20901979.0
2014-07-21,1478.72,1479.84,1483.62,1474.8,16760296.0
2014-07-22,1476.22,1495.93,1500.5,1475.6,24840828.0
2014-07-23,1495.25,1506.76,1512.37,1494.93,28578207.0
2014-07-24,1508.98,1541.9,1546.19,1508.98,44311527.0
2014-07-25,1546.52,1557.02,1557.58,1541.3,31206105.0
2014-07-28,1566.33,1609.48,1617.48,1566.33,66664105.0
2014-07-29,1610.91,1611.85,1621.06,1601.98,46806231.0
2014-07-30,1606.72,1601.38,1619.18,1598.26,44338155.0
2014-07-31,1602.67,1621.85,1622.65,1597.27,34743916.0
2014-08-01,1616.79,1607.97,1639.32,1607.56,44267504.0
2014-08-04,1614.9,1644.63,1644.96,1608.31,44540974.0
2014-08-05,1644.23,1632.41,1646.32,1622.03,33190832.0
2014-08-06,1624.03,1619.01,1626.92,1602.99,32836371.0
2014-08-07,1619.2,1593.42,1623.0,1592.04,35582567.0
2014-08-08,1595.19,1595.66,1600.8,1586.09,28411625.0
2014-08-11,1601.31,1619.25,1621.71,1600.68,27728836.0
2014-08-12,1615.14,1607.91,1615.14,1601.56,24999882.0
2014-08-13,1609.46,1610.14,1619.19,1596.22,30104195.0
2014-08-14,1610.39,1596.84,1614.58,1595.17,27945673.0
2014-08-15,1598.52,1612.0,1615.88,1593.22,27406589.0
2014-08-18,1614.22,1613.13,1623.9,1607.44,26290498.0
2014-08-19,1614.39,1609.09,1615.21,1598.06,28400783.0
2014-08-20,1605.5,1600.34,1605.51,1596.96,24108182.0
2014-08-21,1599.55,1587.03,1600.28,1576.32,27277975.0
2014-08-22,1585.11,1594.18,1596.29,1583.61,23953436.0
2014-08-25,1594.71,1577.43,1595.44,1575.71,26501265.0
2014-08-26,1575.78,1573.39,1584.15,1568.73,23621600.0
2014-08-27,1573.52,1572.79,1578.69,1569.98,16419321.0
2014-08-28,1573.53,1563.89,1580.68,1563.4,20790154.0
2014-08-29,1570.4,1581.28,1582.28,1565.52,22012801.0
2014-09-01,1582.02,1586.02,1587.39,1576.22,22132871.0
2014-09-02,1588.62,1607.5,1609.01,1581.14,34680710.0
2014-09-03,1609.3,1624.03,1628.19,1608.95,38409635.0
2014-09-04,1626.91,1637.29,1638.89,1621.24,32700249.0
2014-09-05,1643.28,1656.24,1657.6,1641.11,41870437.0
2014-09-09,1657.61,1645.11,1660.01,1642.44,30664280.0
2014-09-10,1637.48,1629.98,1637.48,1626.11,29300722.0
2014-09-11,1627.96,1622.81,1648.96,1619.48,36456713.0
2014-09-12,1619.05,1630.2,1630.28,1614.54,28468770.0
2014-09-15,1625.87,1624.07,1626.05,1614.23,34391188.0
2014-09-16,1626.39,1600.92,1629.69,1598.86,50454137.0
2014-09-17,1607.16,1604.92,1609.53,1596.54,29895640.0
2014-09-18,1601.5,1609.87,1616.48,1596.71,33474019.0
2014-09-19,1609.86,1619.58,1623.24,1604.71,30389533.0
2014-09-22,1613.81,1583.89,1613.81,1580.97,29978969.0
2014-09-23,1584.29,1595.64,1598.65,1584.16,24024639.0
2014-09-24,1589.34,1625.73,1628.51,1586.7,45332703.0
2014-09-25,1633.44,1618.52,1636.22,1613.53,37502535.0
2014-09-26,1613.91,1616.09,1618.32,1605.53,26200041.0
2014-09-29,1621.09,1621.82,1627.19,1613.79,39204922.0
2014-09-30,1623.04,1619.7,1625.01,1615.07,33379744.0
2014-10-08,1625.26,1633.57,1633.62,1614.5,38780252.0
2014-10-09,1633.54,1634.04,1639.17,1624.22,40357232.0
2014-10-10,1626.58,1621.71,1630.37,1616.67,36843147.0
2014-10-13,1614.2,1605.99,1614.2,1593.66,33876189.0
2014-10-14,1603.35,1600.3,1614.98,1595.25,33006893.0
2014-10-15,1599.9,1612.77,1615.31,1593.39,34583317.0
2014-10-16,1602.38,1608.73,1629.09,1599.16,49694488.0
2014-10-17,1608.98,1608.52,1616.37,1592.7,43252613.0
2014-10-20,1613.8,1612.4,1615.39,1606.12,28673982.0
2014-10-21,1612.09,1600.84,1615.29,1599.86,30366662.0
2014-10-22,1602.45,1597.12,1612.75,1596.14,29282308.0
2014-10-23,1595.82,1586.56,1604.5,1584.62,33975769.0
2014-10-24,1587.91,1583.42,1592.32,1580.71,26883452.0
2014-10-27,1572.89,1559.91,1572.89,1556.55,24731600.0
2014-10-28,1562.75,1585.74,1586.3,1562.75,27577349.0
2014-10-29,1591.28,1608.4,1616.06,1586.17,40004849.0
2014-10-30,1607.48,1619.1,1623.74,1602.55,50078056.0
2014-10-31,1623.65,1657.29,1665.46,1623.32,83294947.0
2014-11-03,1662.75,1651.05,1664.43,1646.43,58947423.0
2014-11-04,1648.11,1645.62,1650.81,1639.68,58389293.0
2014-11-05,1645.29,1637.62,1647.67,1632.72,51813329.0
2014-11-06,1639.93,1635.96,1643.19,1625.99,40193346.0
2014-11-07,1637.14,1640.32,1667.7,1633.03,67293595.0
2014-11-10,1671.22,1689.02,1689.05,1657.14,85562450.0
2014-11-11,1701.22,1710.88,1740.92,1693.24,133757329.0
2014-11-12,1699.2,1731.02,1731.33,1693.38,66017563.0
2014-11-13,1734.17,1726.34,1750.84,1720.73,79968935.0
2014-11-14,1719.58,1728.81,1729.72,1706.83,61248756.0
2014-11-17,1758.99,1708.1,1758.99,1706.94,58158950.0
2014-11-18,1709.14,1679.42,1709.28,1676.44,55117407.0
2014-11-19,1675.84,1671.65,1681.97,1667.9,40782354.0
2014-11-20,1667.14,1676.6,1683.61,1662.72,37440839.0
2014-11-21,1676.4,1714.71,1717.31,1669.18,53649569.0
2014-11-24,1729.27,1758.1,1772.89,1722.71,104986365.0
2014-11-25,1757.68,1777.67,1780.56,1752.38,73081581.0
2014-11-26,1786.93,1820.49,1821.1,1786.56,93444130.0
2014-11-27,1834.24,1853.0,1853.42,1825.34,108472903.0
2014-11-28,1853.55,1914.44,1915.81,1846.15,162358429.0
2014-12-01,1936.81,1920.38,1968.91,1916.63,156151220.0
2014-12-02,1910.37,2021.54,2040.47,1909.37,153263421.0
2014-12-03,2031.13,2037.58,2107.68,1999.73,191690068.0
2014-12-04,2043.47,2160.66,2161.39,2032.41,172271082.0
2014-12-05,2201.82,2200.25,2259.51,2115.42,225317394.0
2014-12-08,2187.5,2298.85,2317.55,2160.49,199081908.0
2014-12-09,2283.16,2182.69,2402.13,2149.6,269266716.0
2014-12-10,2198.84,2254.82,2263.99,2111.88,190027974.0
2014-12-11,2211.54,2193.54,2269.49,2190.25,146047943.0
2014-12-12,2186.74,2193.29,2250.57,2176.32,111528818.0
2014-12-15,2170.28,2201.54,2208.66,2139.47,108687324.0
2014-12-16,2205.88,2299.28,2299.38,2195.5,148175897.0
2014-12-17,2326.85,2383.95,2392.57,2307.18,211362800.0
2014-12-18,2389.84,2364.04,2413.68,2343.74,158621508.0
2014-12-19,2366.45,2390.28,2408.48,2304.61,158438199.0
2014-12-22,2393.04,2426.68,2479.11,2375.91,218155712.0
2014-12-23,2392.61,2374.95,2462.07,2360.72,135946500.0
2014-12-24,2381.41,2270.88,2388.41,2238.65,123596996.0
2014-12-25,2295.22,2359.66,2360.22,2263.42,121259722.0
2014-12-26,2365.03,2464.82,2471.04,2357.67,152092874.0
2014-12-29,2533.99,2481.66,2557.38,2437.75,184581669.0
2014-12-30,2481.08,2523.63,2550.47,2464.43,149464002.0
2014-12-31,2529.57,2581.57,2590.09,2507.94,154675810.0
2015-01-05,2612.85,2649.64,2678.44,2583.55,182425566.0
2015-01-06,2616.29,2629.4,2691.49,2591.83,173439993.0
2015-01-07,2608.88,2635.23,2668.84,2598.89,128317720.0
2015-01-08,2647.82,2558.11,2656.75,2551.82,118367915.0
2015-01-09,2554.29,2569.02,2692.61,2540.34,156209510.0
2015-01-12,2565.74,2543.85,2596.27,2499.87,119183586.0
2015-01-13,2537.98,2527.83,2567.62,2512.86,77079080.0
2015-01-14,2539.25,2534.23,2569.45,2508.66,84122310.0
2015-01-15,2534.77,2632.89,2633.4,2516.61,111923167.0
2015-01-16,2642.74,2653.03,2685.31,2626.82,134951180.0
2015-01-19,2448.93,2410.2,2512.58,2399.44,140163570.0
2015-01-20,2381.14,2403.72,2439.25,2355.26,137476636.0
2015-01-21,2425.26,2542.32,2553.7,2414.89,148800477.0
2015-01-22,2546.7,2544.31,2557.7,2504.07,113708777.0
2015-01-23,2556.92,2564.51,2612.93,2543.46,124551349.0
2015-01-26,2563.91,2562.36,2565.36,2528.08,95979468.0
2015-01-27,2570.43,2522.1,2574.33,2473.81,116542876.0
2015-01-28,2497.05,2486.28,2534.58,2476.28,86356380.0
2015-01-29,2444.4,2442.04,2465.31,2419.99,81404965.0
2015-01-30,2456.05,2405.38,2471.23,2400.63,76591150.0
2015-02-02,2337.2,2332.53,2376.43,2329.15,84676893.0
2015-02-03,2362.41,2405.76,2413.01,2335.11,82274659.0
2015-02-04,2412.75,2372.46,2439.6,2370.57,77531358.0
2015-02-05,2456.38,2348.92,2456.57,2348.45,110713251.0
2015-02-06,2335.36,2325.24,2366.33,2303.11,76931113.0
2015-02-09,2319.24,2366.77,2392.82,2311.8,73903383.0
2015-02-10,2363.16,2403.55,2409.02,2355.14,68862031.0
2015-02-11,2408.08,2415.13,2423.35,2395.2,50538983.0
2015-02-12,2415.14,2416.45,2425.64,2384.49,60662358.0
2015-02-13,2426.95,2427.47,2464.08,2415.43,83793479.0
2015-02-16,2427.17,2431.21,2437.84,2413.6,62608116.0
2015-02-17,2437.69,2445.26,2464.52,2437.69,60010573.0
2015-02-25,2448.2,2407.46,2448.2,2395.53,63987384.0
2015-02-26,2401.14,2478.06,2482.44,2382.69,94707062.0
2015-02-27,2476.49,2474.59,2498.7,2466.83,85651923.0
2015-03-02,2495.57,2479.24,2498.72,2459.42,88052518.0
2015-03-03,2462.0,2396.8,2462.0,2395.83,91274742.0
2015-03-04,2403.86,2397.99,2416.22,2378.93,64295285.0
2015-03-05,2379.73,2366.9,2382.89,2344.95,77773300.0
2015-03-06,2370.89,2371.62,2393.74,2366.02,64804205.0
2015-03-09,2352.22,2429.87,2443.2,2321.26,106195716.0
2015-03-10,2413.84,2395.43,2424.15,2390.6,78435586.0
2015-03-11,2401.26,2408.5,2444.66,2399.54,70074190.0
2015-03-12,2444.42,2485.11,2505.63,2423.43,124778201.0
2015-03-13,2494.34,2495.28,2532.15,2477.4,104205941.0
2015-03-16,2512.35,2550.86,2551.45,2485.29,104132082.0
2015-03-17,2576.41,2583.2,2586.43,2556.47,132092052.0
2015-03-18,2595.74,2649.64,2649.82,2592.26,147958821.0
2015-03-19,2649.0,2630.24,2649.0,2613.76,133595868.0
2015-03-20,2642.8,2680.68,2710.13,2617.06,153754994.0
2015-03-23,2700.16,2720.67,2724.64,2690.48,142091935.0
2015-03-24,2719.51,2683.65,2720.03,2649.62,153617579.0
2015-03-25,2674.35,2649.16,2691.24,2626.66,132270399.0
2015-03-26,2637.53,2687.76,2714.63,2621.45,133442925.0
2015-03-27,2693.189,2689.24,2715.007,2715.007,119869374.0
2015-03-30,2716.43,2784.46,2793.41,2704.8,181383659.0
2015-03-31,2826.63,2754.66,2860.24,2744.93,175833718.0
2015-04-01,2758.96,2799.45,2810.65,2751.37,125281322.0
2015-04-02,2821.21,2781.64,2824.82,2746.3,122184734.0
2015-04-03,2771.03,2817.18,2817.62,2764.35,112969251.0
2015-04-07,2854.41,2889.45,2889.86,2838.89,160139442.0
2015-04-08,2907.58,2952.08,2960.65,2879.97,179853837.0
2015-04-09,2973.81,2931.77,3021.85,2914.7,176764483.0
2015-04-10,2925.93,2986.6,2992.41,2911.46,141215958.0
2015-04-13,3040.01,3041.12,3059.77,3016.97,169339583.0
2015-04-14,3057.41,3052.41,3074.67,3013.31,162300362.0
2015-04-15,3054.02,3053.3,3119.48,3039.25,179025929.0
2015-04-16,3045.85,3183.3,3183.58,3033.25,171967554.0
2015-04-17,3251.98,3235.33,3271.57,3216.21,207659934.0
2015-04-20,3267.85,3164.46,3296.18,3146.84,265976127.0
2015-04-21,3163.29,3214.36,3214.89,3135.22,184427692.0
2015-04-22,3219.7,3299.22,3300.84,3204.44,201738071.0
2015-04-23,3311.07,3273.4,3313.81,3245.76,177137931.0
2015-04-24,3226.38,3223.96,3250.23,3161.97,185135936.0
2015-04-27,3257.97,3308.45,3313.25,3257.97,200266975.0
2015-04-28,3309.53,3282.33,3370.02,3255.77,266042859.0
2015-04-29,3268.52,3283.28,3304.71,3243.54,146666285.0
2015-04-30,3290.58,3250.49,3309.42,3249.25,146288279.0
2015-05-04,3250.12,3272.0,3273.15,3204.31,133270953.0
2015-05-05,3266.81,3148.81,3270.96,3132.94,170607781.0
2015-05-06,3175.89,3139.02,3244.6,3110.11,147991138.0
2015-05-07,3116.79,3094.88,3142.14,3093.73,109440929.0
2015-05-08,3126.0,3110.46,3138.66,3045.01,103278165.0
2015-05-11,3112.24,3169.13,3169.87,3075.2,133766659.0
2015-05-12,3162.67,3188.31,3200.18,3136.46,130813054.0
2015-05-13,3188.06,3141.3,3188.96,3122.34,117305504.0
2015-05-14,3136.13,3128.57,3153.75,3107.68,105338706.0
2015-05-15,3122.89,3060.41,3124.6,3044.85,109993195.0
2015-05-18,3032.71,2998.39,3045.59,2997.13,87041724.0
2015-05-19,2996.84,3116.09,3127.0,2996.72,111206627.0
2015-05-20,3127.57,3122.85,3181.54,3105.63,124557332.0
2015-05-21,3132.33,3150.9,3156.49,3111.0,94755784.0
2015-05-22,3180.39,3248.85,3249.52,3170.45,150021104.0
2015-05-25,3263.96,3349.95,3350.52,3263.96,158585710.0
2015-05-26,3382.76,3386.59,3390.29,3320.15,147894684.0
2015-05-27,3390.98,3344.74,3404.76,3327.24,147470539.0
2015-05-28,3336.7,3124.62,3350.22,3120.97,178255206.0
2015-05-29,3127.64,3111.33,3161.58,3036.96,133784404.0
2015-06-01,3114.79,3244.32,3250.6,3082.16,141023373.0
2015-06-02,3240.8,3258.31,3269.22,3201.22,134800533.0
2015-06-03,3251.91,3238.43,3259.71,3193.54,128306977.0
2015-06-04,3244.46,3299.03,3316.5,3113.22,184567939.0
2015-06-05,3349.57,3303.99,3365.59,3234.25,188145648.0
2015-06-08,3333.83,3458.71,3469.22,3308.3,248254042.0
2015-06-09,3494.82,3414.0,3494.82,3376.02,220448561.0
2015-06-10,3362.81,3370.38,3415.28,3338.68,155294691.0
2015-06-11,3369.0,3347.12,3383.49,3313.59,138073848.0
2015-06-12,3364.44,3350.25,3374.81,3319.2,145262255.0
2015-06-15,3359.71,3262.48,3366.84,3254.62,167322559.0
2015-06-16,3233.15,3179.65,3275.47,3149.08,155969898.0
2015-06-17,3198.14,3211.71,3222.44,3144.49,159571563.0
2015-06-18,3183.23,3068.49,3183.23,3067.49,137345042.0
2015-06-19,3030.22,2903.06,3067.82,2900.79,131783924.0
2015-06-23,2907.07,3003.16,3007.63,2822.47,135617644.0
2015-06-24,3009.77,3045.24,3052.11,2962.65,141585882.0
2015-06-25,3069.4,2943.99,3082.56,2929.11,160158307.0
2015-06-26,2875.12,2736.7,2953.96,2678.77,183355804.0
2015-06-29,2802.77,2678.37,2822.11,2530.83,212018714.0
2015-06-30,2678.63,2870.02,2872.51,2628.0,219592298.0
2015-07-01,2823.94,2736.85,2872.91,2721.48,169957702.0
2015-07-02,2767.99,2714.25,2805.67,2611.86,209045754.0
2015-07-03,2674.56,2582.27,2738.66,2511.17,184361918.0
2015-07-06,2807.75,2750.0,2807.75,2649.56,344834279.0
2015-07-07,2682.5,2812.45,2825.49,2612.11,350314798.0
2015-07-08,2596.71,2608.98,2760.52,2546.46,377459400.0
2015-07-09,2575.34,2781.08,2828.75,2493.64,271176770.0
2015-07-10,2749.12,2898.41,2997.6,2717.71,296251842.0
2015-07-13,2855.7,2869.05,2949.2,2805.91,233341055.0
2015-07-14,2821.97,2763.07,2843.25,2717.03,194368424.0
2015-07-15,2725.92,2757.95,2779.95,2665.95,185948028.0
2015-07-16,2754.83,2742.85,2780.0,2708.72,135246163.0
2015-07-17,2756.87,2807.06,2834.18,2723.74,130241112.0
2015-07-20,2798.56,2783.76,2815.7,2766.94,130862495.0
2015-07-21,2757.66,2772.77,2799.81,2743.16,115826578.0
2015-07-22,2757.28,2739.79,2771.0,2721.35,106654530.0
2015-07-23,2741.42,2790.76,2796.37,2736.38,113582039.0
2015-07-24,2794.05,2741.04,2807.62,2735.3,123928908.0
2015-07-27,2698.8,2493.29,2715.36,2491.12,136645104.0
2015-07-28,2427.03,2485.67,2531.23,2400.87,140338855.0
2015-07-29,2496.9,2531.45,2535.6,2459.08,93078154.0
2015-07-30,2525.08,2467.37,2548.27,2459.92,86949827.0
2015-07-31,2452.05,2461.24,2490.66,2432.49,74725374.0
2015-08-03,2433.24,2479.72,2479.95,2419.85,88073410.0
2015-08-04,2476.16,2534.71,2535.28,2462.73,66032317.0
2015-08-05,2529.13,2487.06,2537.35,2485.6,62889670.0
2015-08-06,2452.53,2467.52,2505.53,2446.96,47800047.0
2015-08-07,2489.8,2503.8,2520.04,2479.25,57563239.0
2015-08-10,2527.62,2617.66,2626.36,2517.95,109626613.0
2015-08-11,2612.95,2590.71,2623.84,2578.65,99584256.0
2015-08-12,2562.68,2561.13,2598.51,2557.26,75352530.0
2015-08-13,2562.87,2580.78,2585.92,2522.35,70080742.0
2015-08-14,2588.43,2577.04,2592.17,2565.59,72941572.0
2015-08-17,2560.37,2550.47,2561.96,2524.13,71133819.0
2015-08-18,2554.08,2407.97,2572.21,2405.83,101248713.0
2015-08-19,2379.21,2430.28,2431.61,2326.24,90485319.0
2015-08-20,2406.57,2356.92,2421.03,2356.33,68346853.0
2015-08-21,2336.45,2271.36,2362.84,2261.31,78467553.0
2015-08-24,2195.46,2058.25,2203.63,2046.84,115420383.0
2015-08-25,1947.15,1914.05,2044.56,1890.38,118569577.0
2015-08-26,1930.2,1942.45,2028.4,1874.22,124111796.0
2015-08-27,1989.59,2094.72,2095.46,1957.74,116585470.0
2015-08-28,2120.36,2159.96,2167.9,2097.78,115299860.0
2015-08-31,2135.6,2210.45,2214.1,2071.41,117193052.0
2015-09-01,2155.96,2230.32,2239.46,2103.48,158310344.0
2015-09-02,2143.24,2243.63,2248.77,2137.19,166061448.0
2015-09-07,2215.18,2133.98,2247.44,2127.48,85672057.0
2015-09-08,2115.9,2180.13,2185.4,2084.03,61980414.0
2015-09-09,2186.37,2211.2,2225.27,2175.77,76962973.0
2015-09-10,2183.61,2208.48,2218.14,2175.37,53035319.0
2015-09-11,2199.58,2195.39,2218.82,2180.24,36221969.0
2015-09-14,2205.71,2228.15,2228.96,2126.29,84785358.0
2015-09-15,2179.24,2175.17,2188.36,2142.02,55484328.0
2015-09-16,2161.01,2241.95,2277.58,2142.2,56026548.0
2015-09-17,2223.4,2194.82,2260.85,2194.03,55842887.0
2015-09-18,2204.58,2198.99,2226.75,2192.27,36074301.0
2015-09-21,2185.08,2214.45,2220.02,2176.66,36901513.0
2015-09-22,2217.78,2237.31,2259.07,2210.49,42563767.0
2015-09-23,2208.25,2178.55,2219.24,2174.92,34234548.0
2015-09-24,2190.31,2188.09,2198.49,2170.68,25074852.0
2015-09-25,2180.29,2183.4,2191.36,2150.02,35992010.0
2015-09-28,2169.15,2169.94,2175.97,2145.75,20268618.0
2015-09-29,2139.8,2127.2,2145.99,2114.3,25482560.0
2015-09-30,2138.15,2146.12,2161.71,2133.88,25026925.0
2015-10-08,2231.02,2191.34,2231.24,2189.99,39255630.0
2015-10-09,2202.13,2219.29,2226.42,2195.16,33135222.0
2015-10-12,2223.32,2283.43,2308.19,2220.63,62354545.0
2015-10-13,2268.76,2270.95,2282.04,2259.27,36904537.0
2015-10-14,2263.59,2253.91,2284.62,2252.38,41961463.0
2015-10-15,2254.4,2297.9,2297.96,2252.33,46942189.0
2015-10-16,2310.35,2323.77,2328.3,2301.49,60168475.0
2015-10-19,2329.4,2318.47,2346.35,2303.17,53225380.0
2015-10-20,2312.53,2337.08,2337.8,2297.75,46698905.0
2015-10-21,2338.71,2340.36,2369.37,2268.82,97671718.0
2015-10-22,2306.07,2331.79,2337.4,2297.05,54651781.0
2015-10-23,2334.54,2343.97,2350.12,2319.77,48854813.0
2015-10-26,2366.84,2350.02,2381.71,2340.5,52798208.0
2015-10-27,2343.87,2349.9,2353.65,2302.09,46643220.0
2015-10-28,2338.39,2310.7,2342.45,2308.54,40939162.0
2015-10-29,2317.48,2307.34,2323.45,2301.37,29257579.0
2015-10-30,2307.76,2312.97,2336.04,2298.97,37173556.0
2015-11-02,2291.25,2280.09,2310.83,2279.47,33098994.0
2015-11-03,2283.8,2271.65,2294.42,2265.67,27317118.0
2015-11-04,2277.2,2370.5,2374.02,2277.2,62000309.0
2015-11-05,2368.61,2440.65,2503.65,2365.85,148745222.0
2015-11-06,2430.65,2493.48,2501.4,2427.28,102199298.0
2015-11-09,2501.73,2534.08,2592.19,2501.73,133190838.0
2015-11-10,2504.25,2522.68,2559.83,2498.46,90872224.0
2015-11-11,2516.35,2505.83,2517.51,2474.04,66089396.0
2015-11-12,2513.11,2476.43,2513.7,2466.29,58391260.0
2015-11-13,2454.18,2447.77,2481.18,2444.2,55930737.0
2015-11-16,2410.04,2447.29,2447.5,2407.94,42344114.0
2015-11-17,2462.22,2453.26,2514.46,2449.74,68244705.0
2015-11-18,2455.58,2439.45,2473.45,2433.46,59872626.0
2015-11-19,2444.88,2468.49,2469.01,2436.9,41949234.0
2015-11-20,2469.7,2466.76,2483.89,2458.78,48099426.0
2015-11-23,2465.81,2456.84,2485.42,2451.55,44090329.0
2015-11-24,2449.97,2447.9,2452.35,2421.39,40952414.0
2015-11-25,2441.73,2459.56,2460.18,2430.35,42602899.0
2015-11-26,2468.52,2450.96,2481.39,2450.09,44936629.0
2015-11-27,2438.18,2334.44,2439.7,2320.07,55953595.0
2015-11-30,2325.07,2336.29,2347.84,2280.68,52561629.0
2015-12-01,2334.14,2344.83,2365.15,2314.79,41934911.0
2015-12-02,2341.43,2458.41,2463.91,2337.03,81676934.0
2015-12-03,2441.91,2461.45,2481.54,2422.56,81744001.0
2015-12-04,2438.39,2397.56,2442.25,2392.88,47838541.0
2015-12-07,2398.09,2395.58,2404.91,2379.55,29174395.0
2015-12-08,2381.68,2364.34,2386.28,2356.93,33813694.0
2015-12-09,2357.88,2369.74,2386.28,2356.94,28420592.0
2015-12-10,2369.59,2357.21,2402.69,2353.22,31997618.0
2015-12-11,2346.86,2342.45,2357.08,2324.62,31590449.0
2015-12-14,2319.2,2414.92,2418.56,2316.9,47486653.0
2015-12-15,2408.15,2383.83,2410.09,2377.07,34608353.0
2015-12-16,2389.25,2376.53,2394.17,2371.43,28490923.0
2015-12-17,2391.4,2408.32,2424.9,2386.09,44035118.0
2015-12-18,2405.86,2422.83,2466.35,2404.15,53967334.0
2015-12-21,2415.63,2500.06,2513.49,2414.84,73671087.0
2015-12-22,2499.66,2496.05,2506.87,2477.67,51248803.0
2015-12-23,2497.37,2503.06,2550.9,2492.43,68188855.0
2015-12-24,2498.77,2481.75,2505.7,2451.45,48303842.0
2015-12-25,2483.66,2492.34,2496.84,2474.33,29623024.0
2015-12-28,2498.78,2411.41,2502.33,2411.21,48200591.0
2015-12-29,2408.93,2432.88,2435.62,2405.17,27597306.0
2015-12-30,2432.18,2432.77,2434.52,2399.92,28420662.0
2015-12-31,2426.81,2420.8,2437.72,2409.76,29972722.0
2016-01-04,2417.02,2271.37,2417.02,2269.97,34620851.0
2016-01-05,2230.08,2288.11,2309.59,2223.05,48075962.0
2016-01-06,2284.92,2317.65,2321.17,2274.47,38088820.0
2016-01-07,2281.88,2180.59,2281.93,2171.32,11081575.0
2016-01-08,2225.48,2219.61,2257.41,2154.58,51525931.0
2016-01-11,2182.85,2120.23,2202.32,2119.7,48483505.0
2016-01-12,2135.94,2131.37,2151.4,2115.36,35144374.0
2016-01-13,2152.72,2105.51,2157.51,2104.93,32024944.0
2016-01-14,2056.41,2132.08,2136.06,2052.3,36630965.0
2016-01-15,2119.56,2070.93,2128.95,2058.7,34641623.0
2016-01-18,2040.41,2069.27,2092.4,2039.05,26806095.0
2016-01-19,2075.19,2128.57,2135.36,2060.28,37222168.0
2016-01-20,2115.13,2088.72,2124.15,2076.16,39221145.0
2016-01-21,2069.39,2040.98,2112.73,2040.53,34354515.0
2016-01-22,2062.63,2061.96,2074.17,2026.27,27065196.0
2016-01-25,2067.56,2065.44,2074.9,2049.25,21741074.0
2016-01-26,2046.04,1951.61,2050.45,1944.91,37751437.0
2016-01-27,1961.4,1953.46,1972.16,1908.04,39302664.0
2016-01-28,1943.83,1912.72,1960.95,1900.35,29716553.0
2016-01-29,1915.13,1973.01,1986.72,1914.4,38242877.0
2016-02-01,1970.21,1937.07,1973.1,1917.24,27335160.0
2016-02-02,1935.22,1969.62,1978.29,1934.91,26156540.0
2016-02-03,1947.83,1952.37,1955.09,1929.81,21970080.0
2016-02-04,1962.87,1974.24,1983.25,1960.13,25020305.0
2016-02-05,1970.69,1967.26,1979.39,1962.23,20455795.0
2016-02-15,1916.42,1948.28,1958.22,1914.49,18893231.0
2016-02-16,1957.91,2000.9,2005.42,1957.54,30607291.0
2016-02-17,1997.68,2014.44,2020.08,1993.89,34373548.0
2016-02-18,2022.55,2009.27,2034.16,2007.22,30938607.0
2016-02-19,2005.41,2004.11,2013.78,1993.05,21639290.0
2016-02-22,2025.18,2053.86,2064.61,2016.36,39059284.0
2016-02-23,2051.57,2029.52,2051.57,2013.98,26876191.0
2016-02-24,2020.59,2041.39,2041.88,2009.35,26228917.0
2016-02-25,2038.16,1932.6,2038.18,1925.2,42459563.0
2016-02-26,1946.96,1955.4,1965.91,1930.0,26306764.0
2016-02-29,1951.68,1944.61,1953.32,1891.1,39161583.0
2016-03-01,1944.56,1973.19,1988.57,1931.98,29595859.0
2016-03-02,1980.46,2043.41,2045.82,1979.17,50978802.0
2016-03-03,2043.37,2053.27,2057.16,2031.54,45476671.0
2016-03-04,2045.12,2122.27,2128.57,2040.08,85953126.0
2016-03-07,2122.55,2107.67,2133.56,2097.78,40058732.0
2016-03-08,2102.25,2115.16,2118.04,2037.29,39003355.0
2016-03-09,2073.27,2111.92,2112.86,2053.84,38083290.0
2016-03-10,2089.86,2061.45,2102.99,2060.06,20872981.0
2016-03-11,2043.25,2070.72,2071.09,2039.59,24443461.0
2016-03-14,2079.91,2078.41,2117.83,2071.12,35114617.0
2016-03-15,2077.51,2101.12,2105.04,2055.32,34647131.0
2016-03-16,2087.28,2136.13,2142.16,2084.77,60381577.0
2016-03-17,2135.06,2131.48,2156.89,2113.44,38077902.0
2016-03-18,2140.27,2141.18,2165.15,2131.38,62257624.0
2016-03-21,2156.95,2193.39,2214.64,2154.49,78264665.0
2016-03-22,2181.98,2173.26,2196.37,2167.43,50531245.0
2016-03-23,2170.16,2175.28,2186.02,2159.46,35247664.0
2016-03-24,2161.17,2137.59,2161.17,2137.19,33879927.0
2016-03-25,2137.15,2149.2,2156.8,2135.53,22781049.0
2016-03-28,2152.81,2123.03,2166.92,2116.98,25905906.0
2016-03-29,2127.8,2106.86,2133.81,2100.92,25654604.0
2016-03-30,2124.53,2157.53,2160.5,2124.09,35633829.0
2016-03-31,2166.42,2156.54,2171.79,2149.24,32281837.0
2016-04-01,2156.78,2167.78,2168.33,2124.13,34903898.0
2016-04-05,2151.37,2180.26,2186.92,2147.09,38874521.0
2016-04-06,2167.45,2168.04,2176.9,2156.52,28349678.0
2016-04-07,2174.88,2139.4,2177.12,2138.33,25833044.0
2016-04-08,2125.45,2123.8,2132.73,2114.26,22822747.0
2016-04-11,2140.56,2148.44,2167.65,2140.56,30212504.0
2016-04-12,2147.81,2143.9,2150.57,2135.29,19392198.0
2016-04-13,2157.21,2171.31,2197.74,2157.21,51114468.0
2016-04-14,2183.12,2178.87,2190.87,2166.63,24878856.0
2016-04-15,2182.11,2182.07,2190.73,2172.97,23818860.0
2016-04-18,2166.0,2158.23,2168.9,2154.38,24410918.0
2016-04-19,2169.89,2163.61,2173.09,2156.18,18390650.0
2016-04-20,2166.28,2154.89,2169.65,2093.82,47565258.0
2016-04-21,2138.29,2147.72,2171.45,2129.91,30628951.0
2016-04-22,2135.92,2157.72,2161.8,2133.81,20198569.0
2016-04-25,2149.25,2148.28,2156.53,2130.3,17156071.0
2016-04-26,2146.41,2155.79,2163.24,2140.57,15444290.0
2016-04-27,2157.86,2145.38,2159.12,2143.9,14520801.0
2016-04-28,2149.07,2142.06,2155.57,2131.86,17358106.0
2016-04-29,2136.84,2135.51,2146.32,2134.19,15948538.0
2016-05-03,2136.2,2158.27,2167.73,2131.38,25815215.0
2016-05-04,2152.43,2152.93,2159.65,2147.76,17426893.0
2016-05-05,2149.47,2152.88,2155.47,2145.11,14777452.0
2016-05-06,2152.5,2107.01,2153.87,2106.44,24642275.0
2016-05-09,2100.64,2072.47,2100.64,2064.69,24022253.0
2016-05-10,2061.99,2072.38,2084.7,2061.99,17165746.0
2016-05-11,2078.29,2078.41,2089.12,2068.65,18058633.0
2016-05-12,2067.75,2084.84,2089.65,2055.51,17927530.0
2016-05-13,2079.64,2076.19,2089.84,2072.26,15287869.0
2016-05-16,2068.92,2082.62,2082.86,2064.68,13579244.0
2016-05-17,2081.57,2075.47,2083.85,2069.27,14850963.0
2016-05-18,2067.72,2078.76,2081.85,2053.72,23037112.0
2016-05-19,2072.37,2073.8,2083.13,2069.9,14050006.0
2016-05-20,2067.46,2083.12,2083.51,2064.44,13890172.0
2016-05-23,2082.97,2082.41,2095.17,2077.94,14479211.0
2016-05-24,2080.01,2066.64,2080.07,2062.5,13104443.0
2016-05-25,2079.48,2071.91,2084.13,2068.68,11284997.0
2016-05-26,2070.24,2076.14,2083.06,2062.17,13126512.0
2016-05-27,2075.21,2074.92,2080.49,2069.52,10577492.0
2016-05-30,2076.93,2092.16,2093.77,2065.64,17714385.0
2016-05-31,2092.22,2155.66,2158.12,2092.22,40651742.0
2016-06-01,2155.5,2138.96,2158.72,2138.56,25473324.0
2016-06-02,2138.21,2137.65,2144.32,2129.94,16356666.0
2016-06-03,2146.56,2152.64,2157.07,2135.53,20526152.0
2016-06-06,2148.96,2136.32,2151.06,2131.92,13658837.0
2016-06-07,2141.65,2139.07,2145.71,2134.61,14068491.0
2016-06-08,2137.18,2132.96,2138.85,2124.84,16405791.0
2016-06-13,2113.91,2084.3,2122.46,2083.29,21028771.0
2016-06-14,2080.9,2095.02,2098.06,2079.4,15354924.0
2016-06-15,2073.47,2106.63,2115.38,2073.1,19549925.0
2016-06-16,2095.36,2094.81,2105.25,2091.49,17968861.0
2016-06-17,2093.69,2102.2,2115.42,2093.69,17846082.0
2016-06-20,2109.57,2104.22,2110.89,2092.83,12091160.0
2016-06-21,2108.87,2104.56,2130.9,2100.06,17699905.0
2016-06-22,2101.05,2115.77,2116.3,2098.63,13548733.0
2016-06-23,2114.77,2105.53,2114.77,2098.36,15282345.0
2016-06-24,2100.0,2076.3,2112.61,2052.98,22607830.0
2016-06-27,2070.94,2095.89,2096.2,2070.82,16488467.0
2016-06-28,2089.35,2102.05,2104.48,2084.18,17588206.0
2016-06-29,2105.76,2122.97,2124.29,2104.23,29455726.0
2016-06-30,2123.87,2122.63,2130.98,2120.41,20354517.0
2016-07-01,2124.4,2127.09,2133.35,2122.86,16132804.0
2016-07-04,2121.9,2163.29,2169.62,2120.49,30862031.0
2016-07-05,2162.09,2168.85,2174.42,2159.9,32307728.0
2016-07-06,2161.58,2167.1,2169.46,2149.04,24538449.0
2016-07-07,2161.36,2166.88,2173.7,2153.77,26977710.0
2016-07-08,2156.38,2148.76,2158.77,2147.14,19358789.0
2016-07-11,2152.74,2155.72,2175.24,2150.37,28609245.0
2016-07-12,2156.63,2200.35,2201.63,2156.59,40253733.0
2016-07-13,2195.98,2197.79,2222.25,2191.59,43279797.0
2016-07-14,2195.34,2195.23,2199.84,2184.49,24152543.0
2016-07-15,2196.95,2192.39,2200.88,2186.36,21585227.0
2016-07-18,2190.47,2187.98,2205.8,2184.05,29527180.0
2016-07-19,2188.8,2175.4,2193.57,2163.31,21809135.0
2016-07-20,2173.55,2167.12,2178.0,2163.11,14561926.0
2016-07-21,2168.48,2177.78,2185.62,2168.48,18046754.0
2016-07-22,2175.98,2157.23,2177.44,2154.36,18389190.0
2016-07-25,2155.32,2159.55,2167.51,2152.09,14528144.0
2016-07-26,2156.81,2182.5,2183.06,2156.77,18406051.0
2016-07-27,2182.72,2173.97,2186.08,2125.27,37934806.0
2016-07-28,2160.16,2163.81,2173.08,2153.89,25875423.0
2016-07-29,2163.64,2155.24,2166.85,2151.93,18714730.0
2016-08-01,2151.54,2147.56,2155.79,2136.11,20155396.0
2016-08-02,2145.82,2148.45,2151.29,2138.19,12592111.0
2016-08-03,2140.15,2145.79,2149.9,2136.6,15306893.0
2016-08-04,2145.66,2143.84,2146.6,2130.17,14955663.0
2016-08-05,2142.33,2148.68,2159.14,2137.31,16164434.0
2016-08-08,2147.7,2159.67,2159.95,2137.52,16775740.0
2016-08-09,2159.31,2175.34,2176.7,2157.76,22824745.0
2016-08-10,2175.13,2170.1,2179.61,2169.13,17391019.0
2016-08-11,2168.13,2177.06,2205.88,2168.13,26585166.0
2016-08-12,2177.8,2222.49,2222.69,2175.85,34430012.0
2016-08-15,2227.08,2287.66,2310.28,2225.62,63745308.0
2016-08-16,2293.81,2257.7,2302.33,2253.41,61249434.0
2016-08-17,2260.93,2253.74,2270.37,2241.94,30848866.0
2016-08-18,2253.12,2244.72,2274.45,2235.05,33880448.0
2016-08-19,2241.67,2249.34,2254.49,2230.33,28900693.0
2016-08-22,2249.08,2237.13,2253.59,2235.01,26193060.0
2016-08-23,2235.39,2241.95,2256.33,2232.44,23023903.0
2016-08-24,2242.91,2232.21,2244.88,2227.56,18121787.0
2016-08-25,2224.51,2222.15,2226.0,2205.01,21819104.0
2016-08-26,2223.31,2219.31,2232.29,2215.62,16430965.0
2016-08-29,2219.02,2214.26,2220.13,2205.12,19852012.0
2016-08-30,2215.84,2224.06,2229.83,2215.69,19846692.0
2016-08-31,2222.02,2232.71,2237.66,2218.65,16955552.0
2016-09-01,2230.36,2220.4,2235.65,2219.25,19028224.0
2016-09-02,2216.29,2229.89,2231.46,2215.64,20406023.0
2016-09-05,2230.41,2228.72,2240.49,2224.93,17813452.0
2016-09-06,2227.44,2232.45,2241.52,2217.48,21254771.0
2016-09-07,2233.03,2236.55,2246.37,2230.58,22097671.0
2016-09-08,2234.95,2236.63,2239.17,2230.82,14171157.0
2016-09-09,2236.39,2229.31,2241.61,2228.66,17411513.0
2016-09-12,2201.68,2199.98,2202.9,2175.33,34546891.0
2016-09-13,2197.38,2193.19,2199.24,2185.82,14968924.0
2016-09-14,2184.11,2176.52,2187.95,2172.4,18169657.0
2016-09-19,2178.76,2189.46,2191.22,2178.76,14135665.0
2016-09-20,2190.1,2184.21,2190.72,2181.02,11022894.0
2016-09-21,2184.42,2187.15,2191.81,2180.5,12446509.0
2016-09-22,2195.25,2200.7,2210.79,2192.49,15398043.0
2016-09-23,2202.7,2196.29,2203.66,2195.08,11727636.0
2016-09-26,2190.39,2167.26,2190.39,2166.82,16948209.0
2016-09-27,2163.38,2176.45,2176.77,2162.44,12592539.0
2016-09-28,2177.41,2166.72,2177.41,2165.33,9288432.0
2016-09-29,2170.99,2175.37,2183.17,2170.84,11879464.0
2016-09-30,2171.94,2177.35,2182.61,2171.49,9219305.0
2016-10-10,2187.65,2202.87,2204.33,2185.47,19300202.0
2016-10-11,2205.35,2209.23,2212.43,2202.12,21169384.0
2016-10-12,2205.44,2201.0,2205.44,2196.85,15478837.0
2016-10-13,2201.34,2202.12,2204.89,2194.6,18308790.0
2016-10-14,2199.56,2209.81,2211.09,2196.26,23950510.0
2016-10-17,2207.35,2192.88,2209.14,2189.27,23161867.0
2016-10-18,2189.93,2222.78,2224.34,2189.93,31777117.0
2016-10-19,2222.78,2221.53,2230.83,2217.63,29432809.0
2016-10-20,2222.63,2223.42,2228.94,2218.97,19772924.0
2016-10-21,2221.38,2240.75,2246.58,2221.04,35668577.0
2016-10-24,2245.46,2270.95,2285.08,2243.81,49603451.0
2016-10-25,2270.02,2266.17,2274.38,2258.92,32423788.0
2016-10-26,2263.69,2257.12,2266.88,2254.63,27146057.0
2016-10-27,2254.32,2250.26,2256.21,2243.63,23438309.0
2016-10-28,2252.38,2253.8,2271.91,2249.49,28233461.0
2016-10-31,2247.99,2250.47,2253.8,2236.2,19814955.0
2016-11-01,2250.49,2263.48,2263.62,2246.95,22015306.0
2016-11-02,2256.12,2244.74,2259.19,2242.77,22260825.0
2016-11-03,2241.44,2273.63,2283.25,2239.87,40913027.0
2016-11-04,2271.85,2271.93,2284.95,2266.92,36192091.0
2016-11-07,2271.96,2276.95,2279.55,2265.36,25966704.0
2016-11-08,2284.01,2282.42,2294.62,2276.74,32595874.0
2016-11-09,2281.12,2263.92,2281.59,2244.43,37352431.0
2016-11-10,2279.94,2289.45,2297.97,2279.94,34565998.0
2016-11-11,2285.61,2308.43,2315.96,2284.29,56948601.0
2016-11-14,2304.61,2317.77,2338.58,2303.97,61684865.0
2016-11-15,2315.8,2310.9,2319.07,2306.23,34486140.0
2016-11-16,2312.5,2309.94,2314.85,2302.14,32596386.0
2016-11-17,2306.41,2316.72,2317.54,2297.74,35450763.0
2016-11-18,2318.9,2307.27,2323.72,2304.55,34475285.0
2016-11-21,2304.77,2334.68,2350.75,2304.77,57519637.0
2016-11-22,2334.68,2353.0,2357.57,2334.68,65983177.0
2016-11-23,2355.32,2360.34,2375.81,2352.4,54062331.0
2016-11-24,2356.85,2368.73,2382.95,2355.8,37158089.0
2016-11-25,2371.7,2393.95,2394.71,2358.26,44327975.0
2016-11-28,2406.7,2403.14,2427.59,2398.41,77554504.0
2016-11-29,2398.67,2441.58,2455.43,2395.81,93038586.0
2016-11-30,2435.81,2419.41,2444.95,2411.56,68971980.0
2016-12-01,2421.93,2431.31,2448.67,2417.96,73606674.0
2016-12-02,2427.17,2416.51,2430.83,2401.06,77625017.0
2016-12-05,2378.21,2375.26,2386.43,2363.13,72428357.0
2016-12-06,2371.11,2368.68,2382.2,2367.0,42595955.0
2016-12-07,2367.42,2376.92,2377.3,2358.87,36313646.0
2016-12-08,2380.66,2379.0,2387.17,2374.47,39651556.0
2016-12-09,2374.3,2411.31,2422.78,2372.46,67860127.0
2016-12-12,2408.09,2387.16,2423.39,2362.14,70574194.0
2016-12-13,2373.79,2372.93,2382.44,2357.46,41202486.0
2016-12-14,2369.5,2360.38,2384.56,2359.72,46800326.0
2016-12-15,2346.77,2309.82,2354.35,2302.43,42583252.0
2016-12-16,2302.87,2302.32,2315.54,2298.43,30579551.0
2016-12-19,2299.71,2291.38,2303.69,2288.3,24162297.0
2016-12-20,2293.4,2279.68,2295.11,2262.88,30105533.0
2016-12-21,2282.12,2297.37,2304.6,2282.0,40184256.0
2016-12-22,2293.35,2292.04,2298.19,2280.79,29222980.0
2016-12-23,2290.25,2278.48,2291.72,2271.13,33060817.0
2016-12-26,2266.38,2294.71,2295.69,2251.71,29923521.0
2016-12-27,2291.23,2286.96,2300.16,2286.43,24597656.0
2016-12-28,2286.41,2277.18,2289.81,2269.16,23304574.0
2016-12-29,2273.22,2275.11,2282.19,2265.89,23997471.0
2016-12-30,2276.81,2286.9,2286.99,2272.5,25480755.0
2017-01-03,2285.27,2307.89,2311.29,2285.27,25908920.0
2017-01-04,2305.91,2322.21,2324.56,2304.17,26104403.0
2017-01-05,2322.42,2322.68,2326.18,2317.89,26528712.0
2017-01-06,2323.01,2308.94,2326.43,2308.37,26445124.0
2017-01-09,2308.44,2318.34,2321.69,2307.16,26523074.0
2017-01-10,2316.16,2312.6,2321.0,2309.94,24055981.0
2017-01-11,2311.92,2300.47,2317.66,2299.31,26928346.0
2017-01-12,2299.49,2295.4,2310.78,2294.32,22139174.0
2017-01-13,2293.47,2308.06,2315.21,2291.06,27540467.0
2017-01-16,2303.32,2337.39,2343.27,2282.24,59294735.0
2017-01-17,2326.01,2329.59,2332.84,2320.03,19170449.0
2017-01-18,2330.14,2342.78,2349.39,2327.93,20298891.0
2017-01-19,2335.66,2334.96,2349.64,2330.34,21090735.0
2017-01-20,2334.49,2347.18,2350.26,2333.47,17511288.0
2017-01-23,2350.55,2347.1,2358.47,2340.53,19311321.0
2017-01-24,2347.5,2352.42,2357.17,2343.46,20110777.0
2017-01-25,2349.52,2358.7,2358.95,2345.7,17800221.0
2017-01-26,2359.43,2364.02,2371.93,2359.43,18629831.0
2017-02-03,2367.53,2339.99,2368.91,2338.2,14515951.0
2017-02-06,2346.44,2343.97,2351.56,2336.9,19895715.0
2017-02-07,2343.66,2337.53,2347.36,2331.78,16972740.0
2017-02-08,2334.68,2346.43,2347.1,2323.91,24237691.0
2017-02-09,2345.84,2354.9,2364.14,2343.73,31381646.0
2017-02-10,2357.59,2368.18,2374.48,2357.21,39306360.0
2017-02-13,2369.7,2379.31,2382.92,2369.49,34603826.0
2017-02-14,2381.1,2373.51,2381.63,2367.05,24227167.0
2017-02-15,2375.62,2372.19,2385.12,2369.43,38949257.0
2017-02-16,2373.31,2376.76,2378.45,2366.16,29629497.0
2017-02-17,2378.66,2362.71,2389.32,2361.0,31090474.0
2017-02-20,2361.76,2394.12,2395.53,2361.51,44690411.0
2017-02-21,2396.22,2396.88,2410.35,2393.37,32569800.0
2017-02-22,2397.49,2398.19,2399.4,2389.06,24513009.0
2017-02-23,2397.56,2387.42,2402.57,2379.56,23458671.0
2017-02-24,2385.05,2389.88,2390.39,2377.1,25680121.0
2017-02-27,2384.92,2370.56,2387.82,2365.47,23827555.0
2017-02-28,2369.47,2370.71,2379.43,2366.24,16793558.0
2017-03-01,2371.65,2371.93,2383.51,2368.62,27863124.0
2017-03-02,2376.97,2354.91,2380.24,2354.14,23062731.0
2017-03-03,2347.91,2347.15,2350.67,2338.85,20483107.0
2017-03-06,2346.04,2349.89,2355.09,2342.52,21112399.0
2017-03-07,2349.62,2356.29,2356.96,2347.17,20251348.0
2017-03-08,2353.62,2358.07,2362.96,2351.7,24369833.0
2017-03-09,2352.75,2346.55,2353.54,2334.34,26630667.0
2017-03-10,2343.31,2339.23,2347.46,2336.32,17988811.0
2017-03-13,2337.36,2354.89,2355.22,2328.62,24624011.0
2017-03-14,2353.72,2354.9,2359.31,2349.28,19017006.0
2017-03-15,2352.39,2357.31,2357.85,2345.44,21062595.0
2017-03-16,2362.36,2369.19,2376.51,2362.36,30278210.0
2017-03-17,2371.61,2346.96,2373.54,2342.02,30767623.0
2017-03-20,2352.11,2350.07,2355.53,2337.53,27149291.0
2017-03-21,2352.21,2357.14,2358.55,2348.87,28887921.0
2017-03-22,2347.86,2338.55,2352.76,2330.12,32891982.0
2017-03-23,2340.06,2347.43,2356.27,2334.12,26712552.0
2017-03-24,2350.69,2365.6,2373.58,2341.62,40120772.0
2017-03-27,2364.75,2364.43,2381.77,2360.67,35491156.0
2017-03-28,2368.15,2356.31,2368.38,2353.08,24813635.0
2017-03-29,2358.0,2352.69,2363.77,2349.12,29018549.0
2017-03-30,2350.92,2346.67,2356.44,2335.23,31113066.0
2017-03-31,2344.96,2359.75,2361.32,2340.77,29505146.0
2017-04-05,2369.49,2384.26,2384.68,2365.34,40075442.0
2017-04-06,2384.43,2390.39,2395.12,2376.15,39325003.0
2017-04-07,2390.91,2388.27,2394.05,2379.33,36248630.0
2017-04-10,2388.56,2379.16,2391.95,2377.43,31258026.0
2017-04-11,2374.92,2382.11,2385.05,2354.02,39200826.0
2017-04-12,2378.93,2378.86,2385.61,2362.43,33640316.0
2017-04-13,2369.61,2368.11,2373.37,2364.44,22793060.0
2017-04-14,2367.78,2355.52,2368.8,2344.61,24318969.0
2017-04-17,2348.75,2357.52,2359.18,2334.89,26376250.0
2017-04-18,2352.51,2337.35,2352.79,2336.77,23753656.0
2017-04-19,2331.66,2325.04,2335.99,2311.66,27919435.0
2017-04-20,2324.37,2335.65,2336.54,2321.0,26576725.0
2017-04-21,2336.44,2347.67,2350.87,2333.23,27073712.0
2017-04-24,2344.19,2341.93,2344.19,2323.67,31093007.0
2017-04-25,2337.52,2344.74,2348.6,2334.0,19382943.0
2017-04-26,2345.63,2344.5,2360.28,2338.86,26470622.0
2017-04-27,2337.46,2351.64,2352.68,2327.47,29834076.0
2017-04-28,2348.29,2347.04,2348.29,2331.82,20733683.0
2017-05-02,2341.75,2336.79,2350.51,2334.88,16218321.0
2017-05-03,2335.82,2329.77,2342.14,2324.19,18747685.0
2017-05-04,2325.01,2325.43,2332.09,2317.14,20767410.0
2017-05-05,2318.92,2320.6,2320.6,2297.45,30951074.0
2017-05-08,2309.24,2326.1,2326.1,2298.32,34650123.0
2017-05-09,2312.85,2316.29,2320.29,2307.87,16157315.0
2017-05-10,2315.56,2324.92,2337.05,2315.56,22318926.0
2017-05-11,2318.05,2339.29,2342.18,2313.83,28395441.0
2017-05-12,2336.61,2375.45,2375.64,2335.37,28906784.0
2017-05-15,2380.27,2381.75,2394.52,2378.97,23412410.0
2017-05-16,2376.9,2381.32,2381.73,2362.11,23892047.0
2017-05-17,2377.12,2363.56,2378.99,2361.63,20858225.0
2017-05-18,2348.87,2354.75,2361.02,2347.38,17121231.0
2017-05-19,2351.52,2361.66,2363.36,2351.52,14304568.0
2017-05-22,2359.97,2381.55,2384.16,2358.78,22780231.0
2017-05-23,2378.74,2411.8,2412.03,2376.64,34620556.0
2017-05-24,2402.52,2407.57,2413.42,2382.19,22774332.0
2017-05-25,2399.36,2473.5,2476.91,2399.27,50363335.0
2017-05-26,2467.9,2471.21,2483.75,2462.23,30989733.0
2017-05-31,2470.94,2479.08,2502.85,2462.26,29878344.0
2017-06-01,2476.21,2496.45,2497.69,2465.48,30766330.0
2017-06-02,2494.37,2475.46,2499.71,2472.65,23664148.0
2017-06-05,2468.94,2450.35,2473.36,2442.27,28735857.0
2017-06-06,2447.04,2466.01,2466.31,2444.19,17467322.0
2017-06-07,2468.55,2484.03,2492.98,2464.19,27138408.0
2017-06-08,2481.16,2507.03,2508.93,2475.74,22070860.0
2017-06-09,2506.76,2519.27,2536.99,2504.9,33773309.0
2017-06-12,2515.58,2521.17,2545.04,2512.14,25720869.0
2017-06-13,2517.33,2515.14,2519.15,2499.73,17487921.0
2017-06-14,2505.06,2477.32,2505.2,2471.62,21841108.0
2017-06-15,2474.26,2461.97,2481.8,2453.13,20702545.0
2017-06-16,2454.84,2452.79,2466.69,2448.31,16518044.0
2017-06-19,2455.03,2484.12,2486.31,2453.35,20594004.0
2017-06-20,2489.2,2474.43,2492.22,2467.77,17771153.0
2017-06-21,2487.85,2497.25,2498.19,2468.51,20354217.0
2017-06-22,2491.92,2516.67,2544.67,2491.92,43743944.0
2017-06-23,2510.71,2529.1,2530.56,2496.66,29403951.0
2017-06-26,2531.28,2543.32,2560.11,2531.28,39716748.0
2017-06-27,2541.69,2554.7,2558.1,2529.24,26984713.0
2017-06-28,2548.16,2537.64,2560.86,2537.24,28194970.0
2017-06-29,2541.35,2552.98,2554.8,2532.46,19754376.0
2017-06-30,2543.79,2549.97,2552.92,2533.86,18677177.0
2017-07-03,2550.5,2534.37,2550.5,2522.74,18304213.0
2017-07-04,2531.53,2511.15,2531.61,2506.68,23547128.0
2017-07-05,2508.81,2548.1,2551.41,2507.92,20607654.0
2017-07-06,2543.91,2553.88,2561.64,2534.12,22234624.0
2017-07-07,2542.91,2543.66,2546.78,2527.55,22510062.0
2017-07-10,2538.16,2550.11,2557.47,2530.93,25305145.0
2017-07-11,2543.72,2570.59,2592.06,2543.05,33968228.0
2017-07-12,2570.91,2565.14,2604.2,2555.38,37070595.0
2017-07-13,2565.59,2600.95,2601.47,2563.22,42871574.0
2017-07-14,2600.76,2622.98,2623.32,2593.43,33653285.0
2017-07-17,2627.37,2631.41,2663.28,2594.42,60865949.0
2017-07-18,2619.23,2624.31,2637.53,2596.12,39435040.0
2017-07-19,2621.11,2657.89,2661.66,2618.37,48688897.0
2017-07-20,2653.38,2665.45,2666.04,2643.64,37580733.0
2017-07-21,2655.23,2639.21,2661.48,2635.0,29715562.0
2017-07-24,2636.55,2654.38,2666.65,2632.76,33056566.0
2017-07-25,2656.48,2643.07,2667.79,2639.61,34185413.0
2017-07-26,2642.26,2636.2,2665.15,2617.55,35447256.0
2017-07-27,2632.0,2636.63,2638.94,2610.58,30670126.0
2017-07-28,2627.16,2636.39,2642.69,2619.04,21934465.0
2017-07-31,2633.88,2638.12,2649.29,2626.18,28647763.0
2017-08-01,2640.87,2681.81,2681.93,2638.02,33820507.0
2017-08-02,2679.34,2680.63,2696.64,2675.2,42222377.0
2017-08-03,2676.35,2646.22,2689.94,2644.99,31815168.0
2017-08-04,2644.45,2627.8,2653.81,2627.25,27959952.0
2017-08-07,2621.55,2634.18,2641.34,2613.82,26086109.0
2017-08-08,2632.04,2635.18,2639.24,2622.26,25782468.0
2017-08-09,2630.67,2620.38,2634.43,2618.81,24707911.0
2017-08-10,2617.99,2611.34,2635.35,2590.86,28171479.0
2017-08-11,2592.04,2570.26,2599.71,2566.57,35170960.0
2017-08-14,2572.3,2591.45,2598.38,2567.6,26118900.0
2017-08-15,2593.07,2605.24,2623.08,2592.92,27900976.0
2017-08-16,2601.47,2595.0,2602.1,2586.34,20351811.0
2017-08-17,2599.04,2604.08,2606.68,2591.54,20571105.0
2017-08-18,2601.88,2613.26,2621.97,2595.86,19897828.0
2017-08-21,2619.04,2616.82,2628.8,2610.26,19436872.0
2017-08-22,2624.41,2643.5,2644.2,2620.16,27118182.0
2017-08-23,2641.79,2659.78,2673.39,2639.66,34691794.0
2017-08-24,2659.65,2646.4,2675.2,2641.83,29939211.0
